Obstacle_Designator    ,AIXM_NAME  ,Obstacle Type (AIXM),Latitude(N),Longitude(E),Elevation at Top (FT)        ,Height (FT),Lighting,Color of Lighting,Group,,,,,,,,,,,,,,,,,,,,,,,,,,,,,
LTFC_1,LLZ ANTENNA,ANTENNA,375201.297N,0302259.550E,2860.49,16.40,NO,,NO,,,,,,,,,,,,,,,,,,,,,,,,,,,,,
LTFC_2,LLZ CONTAINER,BUILDING,375201.395N,0302259.749E,2853.98,9.84,NO,,NO,,,,,,,,,,,,,,,,,,,,,,,,,,,,,
LTFC_3,COTTAGE,BUILDING,375042.769N,0302119.769E,2842.25,22.97,NO,,NO,,,,,,,,,,,,,,,,,,,,,,,,,,,,,
LTFC_4,ANEMOMETER,GENERAL_UTILITY,375056.264N,0302135.052E,2852.01,29.52,NO,,NO,,,,,,,,,,,,,,,,,,,,,,,,,,,,,
LTFC_5,ANEMOMETER,GENERAL_UTILITY,375054.739N,0302132.739E,2851.78,29.94,NO,,NO,,,,,,,,,,,,,,,,,,,,,,,,,,,,,
LTFC_6,RVR MAST,POLE,375057.439N,0302135.560E,2829.79,6.56,NO,,NO,,,,,,,,,,,,,,,,,,,,,,,,,,,,,
LTFC_7,RVR MAST,POLE,375054.712N,0302131.549E,2828.79,6.56,NO,,NO,,,,,,,,,,,,,,,,,,,,,,,,,,,,,
LTFC_8,ANEMOMETER,GENERAL_UTILITY,375144.616N,0302249.945E,2848.86,22.54,NO,,NO,,,,,,,,,,,,,,,,,,,,,,,,,,,,,
LTFC_9,RVR MAST,POLE,375146.877N,0302249.924E,2838.57,6.56,NO,,NO,,,,,,,,,,,,,,,,,,,,,,,,,,,,,
LTFC_10,RVR MAST,POLE,375145.158N,0302247.500E,2838.75,6.56,NO,,NO,,,,,,,,,,,,,,,,,,,,,,,,,,,,,
LTFC_11,COTTAGE,BUILDING,375151.281N,0302301.719E,2853.85,26.25,NO,,NO,,,,,,,,,,,,,,,,,,,,,,,,,,,,,
LTFC_12,WIND SOCK,OTHER,375124.764N,0302202.433E,2847.32,15.35,NO,,NO,,,,,,,,,,,,,,,,,,,,,,,,,,,,,
LTFC_13,COTTAGE,BUILDING,375145.474N,0302228.985E,2858.62,22.97,NO,,NO,,,,,,,,,,,,,,,,,,,,,,,,,,,,,
LTFC_14,COTTAGE,BUILDING,375200.700N,0302251.496E,2870.50,22.97,NO,,NO,,,,,,,,,,,,,,,,,,,,,,,,,,,,,
LTFC_15,COTTAGE,BUILDING,375153.283N,0302240.467E,2870.62,22.97,NO,,NO,,,,,,,,,,,,,,,,,,,,,,,,,,,,,
LTFC_16,COTTAGE,BUILDING,375109.112N,0302135.087E,2850.53,22.97,NO,,NO,,,,,,,,,,,,,,,,,,,,,,,,,,,,,
LTFC_17,COTTAGE,BUILDING,375100.719N,0302122.651E,2855.48,22.97,NO,,NO,,,,,,,,,,,,,,,,,,,,,,,,,,,,,
LTFC_18,MOSQUE,BUILDING,375229.514N,0301857.543E,3094.49,34.45,NO,,NO,,,,,,,,,,,,,,,,,,,,,,,,,,,,,
LTFC_19,MINARET,BUILDING,375230.000N,0301857.089E,3143.64,83.66,NO,,NO,,,,,,,,,,,,,,,,,,,,,,,,,,,,,
LTFC_20,BUILDING,BUILDING,375221.231N,0301846.453E,3102.00,34.45,NO,,NO,,,,,,,,,,,,,,,,,,,,,,,,,,,,,
LTFC_21,BUILDING,BUILDING,375220.854N,0301846.217E,3102.00,34.45,NO,,NO,,,,,,,,,,,,,,,,,,,,,,,,,,,,,
LTFC_22,BUILDING,BUILDING,375222.777N,0301846.367E,3101.97,34.45,NO,,NO,,,,,,,,,,,,,,,,,,,,,,,,,,,,,
LTFC_23,BUILDING,BUILDING,375228.778N,0301852.930E,3096.04,34.45,NO,,NO,,,,,,,,,,,,,,,,,,,,,,,,,,,,,
LTFC_24,BUILDING,BUILDING,375227.755N,0301854.415E,3086.86,24.61,NO,,NO,,,,,,,,,,,,,,,,,,,,,,,,,,,,,
LTFC_25,BUILDING,BUILDING,375228.083N,0301854.673E,3086.53,24.61,NO,,NO,,,,,,,,,,,,,,,,,,,,,,,,,,,,,
LTFC_26,BUILDING,BUILDING,375227.080N,0301855.284E,3087.29,24.61,NO,,NO,,,,,,,,,,,,,,,,,,,,,,,,,,,,,
LTFC_27,BUILDING,BUILDING,375225.065N,0301854.779E,3088.90,24.61,NO,,NO,,,,,,,,,,,,,,,,,,,,,,,,,,,,,
LTFC_28,BUILDING,BUILDING,375225.438N,0301854.985E,3078.73,14.76,NO,,NO,,,,,,,,,,,,,,,,,,,,,,,,,,,,,
LTFC_29,BUILDING,BUILDING,375225.966N,0301855.080E,3078.29,14.76,NO,,NO,,,,,,,,,,,,,,,,,,,,,,,,,,,,,
LTFC_30,BUILDING,BUILDING,375226.629N,0301855.298E,3087.66,24.61,NO,,NO,,,,,,,,,,,,,,,,,,,,,,,,,,,,,
LTFC_31,BUILDING,BUILDING,375226.793N,0301854.160E,3097.56,34.45,NO,,NO,,,,,,,,,,,,,,,,,,,,,,,,,,,,,
LTFC_32,BUILDING,BUILDING,375226.158N,0301854.045E,3088.29,24.61,NO,,NO,,,,,,,,,,,,,,,,,,,,,,,,,,,,,
LTFC_33,BUILDING,BUILDING,375225.658N,0301854.066E,3088.74,24.61,NO,,NO,,,,,,,,,,,,,,,,,,,,,,,,,,,,,
LTFC_34,BUILDING,BUILDING,375226.832N,0301853.013E,3087.88,24.61,NO,,NO,,,,,,,,,,,,,,,,,,,,,,,,,,,,,
LTFC_35,BUILDING,BUILDING,375225.963N,0301853.322E,3088.57,24.61,NO,,NO,,,,,,,,,,,,,,,,,,,,,,,,,,,,,
LTFC_36,BUILDING,BUILDING,375226.333N,0301852.325E,3088.29,24.61,NO,,NO,,,,,,,,,,,,,,,,,,,,,,,,,,,,,
LTFC_37,BUILDING,BUILDING,375225.931N,0301851.673E,3088.74,24.61,NO,,NO,,,,,,,,,,,,,,,,,,,,,,,,,,,,,
LTFC_38,BUILDING,BUILDING,375225.529N,0301851.340E,3089.17,24.61,NO,,NO,,,,,,,,,,,,,,,,,,,,,,,,,,,,,
LTFC_39,BUILDING,BUILDING,375221.439N,0301847.907E,3092.15,24.61,NO,,NO,,,,,,,,,,,,,,,,,,,,,,,,,,,,,
LTFC_40,BUILDING,BUILDING,375220.789N,0301848.837E,3092.15,24.61,NO,,NO,,,,,,,,,,,,,,,,,,,,,,,,,,,,,
LTFC_41,BUILDING,BUILDING,375220.662N,0301849.142E,3093.35,24.61,NO,,NO,,,,,,,,,,,,,,,,,,,,,,,,,,,,,
LTFC_42,BUILDING,BUILDING,375220.102N,0301849.316E,3089.59,14.76,NO,,NO,,,,,,,,,,,,,,,,,,,,,,,,,,,,,
LTFC_43,BUILDING,BUILDING,375221.259N,0301849.524E,3082.31,14.76,NO,,NO,,,,,,,,,,,,,,,,,,,,,,,,,,,,,
LTFC_44,BUILDING,BUILDING,375221.388N,0301849.262E,3082.31,14.76,NO,,NO,,,,,,,,,,,,,,,,,,,,,,,,,,,,,
LTFC_45,BUILDING,BUILDING,375223.073N,0301848.182E,3091.70,24.61,NO,,NO,,,,,,,,,,,,,,,,,,,,,,,,,,,,,
LTFC_46,BUILDING,BUILDING,375222.428N,0301847.064E,3092.15,24.61,NO,,NO,,,,,,,,,,,,,,,,,,,,,,,,,,,,,
LTFC_47,BUILDING,BUILDING,375224.261N,0301849.632E,3090.53,24.61,NO,,NO,,,,,,,,,,,,,,,,,,,,,,,,,,,,,
LTFC_48,MOSQUE,BUILDING,375224.106N,0301850.119E,3090.60,24.61,NO,,NO,,,,,,,,,,,,,,,,,,,,,,,,,,,,,
LTFC_49,MINARET,BUILDING,375224.373N,0301850.018E,3139.60,73.82,NO,,NO,,,,,,,,,,,,,,,,,,,,,,,,,,,,,
LTFC_50,BUILDING,BUILDING,375222.007N,0301848.900E,3092.15,24.61,NO,,NO,,,,,,,,,,,,,,,,,,,,,,,,,,,,,
LTFC_51,BUILDING,BUILDING,375221.931N,0301849.559E,3092.15,24.61,NO,,NO,,,,,,,,,,,,,,,,,,,,,,,,,,,,,
LTFC_52,BUILDING,BUILDING,375222.749N,0301850.793E,3091.68,24.61,NO,,NO,,,,,,,,,,,,,,,,,,,,,,,,,,,,,
LTFC_53,BUILDING,BUILDING,375221.865N,0301850.370E,3102.00,34.45,NO,,NO,,,,,,,,,,,,,,,,,,,,,,,,,,,,,
LTFC_54,BUILDING,BUILDING,375221.793N,0301850.793E,3082.31,14.76,NO,,NO,,,,,,,,,,,,,,,,,,,,,,,,,,,,,
LTFC_55,BUILDING,BUILDING,375221.773N,0301851.217E,3082.31,14.76,NO,,NO,,,,,,,,,,,,,,,,,,,,,,,,,,,,,
LTFC_56,BUILDING,BUILDING,375222.339N,0301850.406E,3092.09,24.61,NO,,NO,,,,,,,,,,,,,,,,,,,,,,,,,,,,,
LTFC_57,BUILDING,BUILDING,375222.112N,0301850.387E,3082.31,14.76,NO,,NO,,,,,,,,,,,,,,,,,,,,,,,,,,,,,
LTFC_58,BUILDING,BUILDING,375222.349N,0301850.889E,3082.16,14.76,NO,,NO,,,,,,,,,,,,,,,,,,,,,,,,,,,,,
LTFC_59,BUILDING,BUILDING,375222.106N,0301850.972E,3082.31,14.76,NO,,NO,,,,,,,,,,,,,,,,,,,,,,,,,,,,,
LTFC_60,BUILDING,BUILDING,375221.915N,0301851.591E,3082.31,14.76,NO,,NO,,,,,,,,,,,,,,,,,,,,,,,,,,,,,
LTFC_61,BUILDING,BUILDING,375222.689N,0301849.953E,3091.87,24.61,NO,,NO,,,,,,,,,,,,,,,,,,,,,,,,,,,,,
LTFC_62,BUILDING,BUILDING,375222.086N,0301850.725E,3082.31,14.76,NO,,NO,,,,,,,,,,,,,,,,,,,,,,,,,,,,,
LTFC_63,BUILDING,BUILDING,375224.290N,0301850.724E,3090.34,24.61,NO,,NO,,,,,,,,,,,,,,,,,,,,,,,,,,,,,
LTFC_64,BUILDING,BUILDING,375223.774N,0301850.542E,3090.81,24.61,NO,,NO,,,,,,,,,,,,,,,,,,,,,,,,,,,,,
LTFC_65,BUILDING,BUILDING,375222.350N,0301851.462E,3091.90,24.61,NO,,NO,,,,,,,,,,,,,,,,,,,,,,,,,,,,,
LTFC_66,BUILDING,BUILDING,375222.017N,0301851.780E,3082.27,14.76,NO,,NO,,,,,,,,,,,,,,,,,,,,,,,,,,,,,
LTFC_67,BUILDING,BUILDING,375221.639N,0301851.969E,3083.08,14.76,NO,,NO,,,,,,,,,,,,,,,,,,,,,,,,,,,,,
LTFC_68,BUILDING,BUILDING,375221.927N,0301852.007E,3082.31,14.76,NO,,NO,,,,,,,,,,,,,,,,,,,,,,,,,,,,,
LTFC_69,BUILDING,BUILDING,375221.839N,0301852.310E,3082.50,14.76,NO,,NO,,,,,,,,,,,,,,,,,,,,,,,,,,,,,
LTFC_70,BUILDING,BUILDING,375221.584N,0301852.276E,3083.56,14.76,NO,,NO,,,,,,,,,,,,,,,,,,,,,,,,,,,,,
LTFC_71,BUILDING,BUILDING,375222.287N,0301851.995E,3082.03,14.76,NO,,NO,,,,,,,,,,,,,,,,,,,,,,,,,,,,,
LTFC_72,BUILDING,BUILDING,375222.332N,0301852.420E,3081.91,14.76,NO,,NO,,,,,,,,,,,,,,,,,,,,,,,,,,,,,
LTFC_73,BUILDING,BUILDING,375221.976N,0301852.561E,3082.21,14.76,NO,,NO,,,,,,,,,,,,,,,,,,,,,,,,,,,,,
LTFC_74,BUILDING,BUILDING,375222.017N,0301853.121E,3092.41,24.61,NO,,NO,,,,,,,,,,,,,,,,,,,,,,,,,,,,,
LTFC_75,BUILDING,BUILDING,375221.602N,0301852.843E,3083.49,14.76,NO,,NO,,,,,,,,,,,,,,,,,,,,,,,,,,,,,
LTFC_76,BUILDING,BUILDING,375222.272N,0301854.032E,3082.18,14.76,NO,,NO,,,,,,,,,,,,,,,,,,,,,,,,,,,,,
LTFC_77,BUILDING,BUILDING,375222.119N,0301853.724E,3082.45,14.76,NO,,NO,,,,,,,,,,,,,,,,,,,,,,,,,,,,,
LTFC_78,BUILDING,BUILDING,375224.900N,0301851.141E,3099.59,34.45,NO,,NO,,,,,,,,,,,,,,,,,,,,,,,,,,,,,
LTFC_79,BUILDING,BUILDING,375225.011N,0301852.254E,3089.46,24.61,NO,,NO,,,,,,,,,,,,,,,,,,,,,,,,,,,,,
LTFC_80,BUILDING,BUILDING,375224.633N,0301853.177E,3079.93,14.76,NO,,NO,,,,,,,,,,,,,,,,,,,,,,,,,,,,,
LTFC_81,BUILDING,BUILDING,375224.623N,0301853.434E,3079.89,14.76,NO,,NO,,,,,,,,,,,,,,,,,,,,,,,,,,,,,
LTFC_82,BUILDING,BUILDING,375224.345N,0301853.185E,3080.17,14.76,NO,,NO,,,,,,,,,,,,,,,,,,,,,,,,,,,,,
LTFC_83,BUILDING,BUILDING,375224.304N,0301852.879E,3080.23,14.76,NO,,NO,,,,,,,,,,,,,,,,,,,,,,,,,,,,,
LTFC_84,BUILDING,BUILDING,375223.981N,0301852.924E,3090.37,24.61,NO,,NO,,,,,,,,,,,,,,,,,,,,,,,,,,,,,
LTFC_85,BUILDING,BUILDING,375223.962N,0301852.320E,3080.51,14.76,NO,,NO,,,,,,,,,,,,,,,,,,,,,,,,,,,,,
LTFC_86,BUILDING,BUILDING,375224.312N,0301851.720E,3090.15,24.61,NO,,NO,,,,,,,,,,,,,,,,,,,,,,,,,,,,,
LTFC_87,BUILDING,BUILDING,375224.333N,0301852.079E,3090.07,24.61,NO,,NO,,,,,,,,,,,,,,,,,,,,,,,,,,,,,
LTFC_88,BUILDING,BUILDING,375223.533N,0301852.581E,3090.67,24.61,NO,,NO,,,,,,,,,,,,,,,,,,,,,,,,,,,,,
LTFC_89,BUILDING,BUILDING,375223.681N,0301851.997E,3080.80,14.76,NO,,NO,,,,,,,,,,,,,,,,,,,,,,,,,,,,,
LTFC_90,BUILDING,BUILDING,375222.999N,0301851.518E,3081.49,14.76,NO,,NO,,,,,,,,,,,,,,,,,,,,,,,,,,,,,
LTFC_91,BUILDING,BUILDING,375223.176N,0301851.703E,3081.31,14.76,NO,,NO,,,,,,,,,,,,,,,,,,,,,,,,,,,,,
LTFC_92,BUILDING,BUILDING,375223.073N,0301851.994E,3091.19,24.61,NO,,NO,,,,,,,,,,,,,,,,,,,,,,,,,,,,,
LTFC_93,BUILDING,BUILDING,375223.394N,0301852.177E,3081.02,14.76,NO,,NO,,,,,,,,,,,,,,,,,,,,,,,,,,,,,
LTFC_94,BUILDING,BUILDING,375222.949N,0301852.645E,3091.19,24.61,NO,,NO,,,,,,,,,,,,,,,,,,,,,,,,,,,,,
LTFC_95,BUILDING,BUILDING,375223.582N,0301853.418E,3090.57,24.61,NO,,NO,,,,,,,,,,,,,,,,,,,,,,,,,,,,,
LTFC_96,BUILDING,BUILDING,375224.064N,0301853.850E,3090.05,24.61,NO,,NO,,,,,,,,,,,,,,,,,,,,,,,,,,,,,
LTFC_97,BUILDING,BUILDING,375224.375N,0301854.987E,3089.69,24.61,NO,,NO,,,,,,,,,,,,,,,,,,,,,,,,,,,,,
LTFC_98,BUILDING,BUILDING,375224.542N,0301854.020E,3079.83,14.76,NO,,NO,,,,,,,,,,,,,,,,,,,,,,,,,,,,,
LTFC_99,BUILDING,BUILDING,375224.306N,0301854.089E,3079.90,14.76,NO,,NO,,,,,,,,,,,,,,,,,,,,,,,,,,,,,
LTFC_100,BUILDING,BUILDING,375224.081N,0301854.951E,3080.19,14.76,NO,,NO,,,,,,,,,,,,,,,,,,,,,,,,,,,,,
LTFC_101,BUILDING,BUILDING,375224.435N,0301854.613E,3079.74,14.76,NO,,NO,,,,,,,,,,,,,,,,,,,,,,,,,,,,,
LTFC_102,BUILDING,BUILDING,375224.081N,0301854.529E,3080.15,14.76,NO,,NO,,,,,,,,,,,,,,,,,,,,,,,,,,,,,
LTFC_103,BUILDING,BUILDING,375223.731N,0301854.438E,3080.55,14.76,NO,,NO,,,,,,,,,,,,,,,,,,,,,,,,,,,,,
LTFC_104,BUILDING,BUILDING,375223.737N,0301854.911E,3080.58,14.76,NO,,NO,,,,,,,,,,,,,,,,,,,,,,,,,,,,,
LTFC_105,BUILDING,BUILDING,375223.249N,0301853.304E,3081.07,14.76,NO,,NO,,,,,,,,,,,,,,,,,,,,,,,,,,,,,
LTFC_106,BUILDING,BUILDING,375223.455N,0301854.412E,3080.86,14.76,NO,,NO,,,,,,,,,,,,,,,,,,,,,,,,,,,,,
LTFC_107,BUILDING,BUILDING,375223.388N,0301854.689E,3080.97,14.76,NO,,NO,,,,,,,,,,,,,,,,,,,,,,,,,,,,,
LTFC_108,BUILDING,BUILDING,375223.329N,0301854.989E,3081.06,14.76,NO,,NO,,,,,,,,,,,,,,,,,,,,,,,,,,,,,
LTFC_109,BUILDING,BUILDING,375222.976N,0301853.934E,3091.20,24.61,NO,,NO,,,,,,,,,,,,,,,,,,,,,,,,,,,,,
LTFC_110,BUILDING,BUILDING,375223.457N,0301853.898E,3080.82,14.76,NO,,NO,,,,,,,,,,,,,,,,,,,,,,,,,,,,,
LTFC_111,BUILDING,BUILDING,375223.430N,0301854.168E,3080.87,14.76,NO,,NO,,,,,,,,,,,,,,,,,,,,,,,,,,,,,
LTFC_112,BUILDING,BUILDING,375223.076N,0301854.248E,3081.27,14.76,NO,,NO,,,,,,,,,,,,,,,,,,,,,,,,,,,,,
LTFC_113,BUILDING,BUILDING,375222.975N,0301854.607E,3091.26,24.61,NO,,NO,,,,,,,,,,,,,,,,,,,,,,,,,,,,,
LTFC_114,BUILDING,BUILDING,375222.917N,0301854.918E,3081.51,14.76,NO,,NO,,,,,,,,,,,,,,,,,,,,,,,,,,,,,
LTFC_115,BUILDING,BUILDING,375223.825N,0301853.697E,3080.41,14.76,NO,,NO,,,,,,,,,,,,,,,,,,,,,,,,,,,,,
LTFC_116,BUILDING,BUILDING,375222.861N,0301853.432E,3081.44,14.76,NO,,NO,,,,,,,,,,,,,,,,,,,,,,,,,,,,,
LTFC_117,BUILDING,BUILDING,375222.842N,0301853.684E,3081.49,14.76,NO,,NO,,,,,,,,,,,,,,,,,,,,,,,,,,,,,
LTFC_118,BUILDING,BUILDING,375223.241N,0301852.625E,3081.10,14.76,NO,,NO,,,,,,,,,,,,,,,,,,,,,,,,,,,,,
LTFC_119,BUILDING,BUILDING,375223.603N,0301852.949E,3080.85,14.76,NO,,NO,,,,,,,,,,,,,,,,,,,,,,,,,,,,,
LTFC_120,BUILDING,BUILDING,375223.955N,0301852.537E,3080.47,14.76,NO,,NO,,,,,,,,,,,,,,,,,,,,,,,,,,,,,
LTFC_121,BUILDING,BUILDING,375222.786N,0301854.314E,3081.61,14.76,NO,,NO,,,,,,,,,,,,,,,,,,,,,,,,,,,,,
LTFC_122,BUILDING,BUILDING,375222.797N,0301852.984E,3081.54,14.76,NO,,NO,,,,,,,,,,,,,,,,,,,,,,,,,,,,,
LTFC_123,BUILDING,BUILDING,375230.261N,0301859.372E,3083.65,24.61,NO,,NO,,,,,,,,,,,,,,,,,,,,,,,,,,,,,
LTFC_124,BUILDING,BUILDING,375229.105N,0301858.286E,3084.71,24.61,NO,,NO,,,,,,,,,,,,,,,,,,,,,,,,,,,,,
LTFC_125,BUILDING,BUILDING,375229.108N,0301858.755E,3084.74,24.61,NO,,NO,,,,,,,,,,,,,,,,,,,,,,,,,,,,,
LTFC_126,BUILDING,BUILDING,375229.072N,0301859.256E,3084.62,24.61,NO,,NO,,,,,,,,,,,,,,,,,,,,,,,,,,,,,
LTFC_127,BUILDING,BUILDING,375229.045N,0301900.322E,3084.35,24.61,NO,,NO,,,,,,,,,,,,,,,,,,,,,,,,,,,,,
LTFC_128,BUILDING,BUILDING,375229.012N,0301859.745E,3074.78,14.76,NO,,NO,,,,,,,,,,,,,,,,,,,,,,,,,,,,,
LTFC_129,BUILDING,BUILDING,375229.202N,0301900.828E,3083.93,24.61,NO,,NO,,,,,,,,,,,,,,,,,,,,,,,,,,,,,
LTFC_130,BUILDING,BUILDING,375229.716N,0301900.774E,3073.73,14.76,NO,,NO,,,,,,,,,,,,,,,,,,,,,,,,,,,,,
LTFC_131,BUILDING,BUILDING,375229.857N,0301901.096E,3073.42,14.76,NO,,NO,,,,,,,,,,,,,,,,,,,,,,,,,,,,,
LTFC_132,BUILDING,BUILDING,375229.696N,0301902.493E,3082.81,24.61,NO,,NO,,,,,,,,,,,,,,,,,,,,,,,,,,,,,
LTFC_133,BUILDING,BUILDING,375229.922N,0301901.722E,3073.13,14.76,NO,,NO,,,,,,,,,,,,,,,,,,,,,,,,,,,,,
LTFC_134,BUILDING,BUILDING,375229.499N,0301901.708E,3073.54,14.76,NO,,NO,,,,,,,,,,,,,,,,,,,,,,,,,,,,,
LTFC_135,BUILDING,BUILDING,375228.972N,0301902.157E,3073.62,14.76,NO,,NO,,,,,,,,,,,,,,,,,,,,,,,,,,,,,
LTFC_136,BUILDING,BUILDING,375229.210N,0301901.690E,3073.77,14.76,NO,,NO,,,,,,,,,,,,,,,,,,,,,,,,,,,,,
LTFC_137,BUILDING,BUILDING,375229.010N,0301901.373E,3074.13,14.76,NO,,NO,,,,,,,,,,,,,,,,,,,,,,,,,,,,,
LTFC_138,BUILDING,BUILDING,375229.333N,0301902.983E,3072.86,14.76,NO,,NO,,,,,,,,,,,,,,,,,,,,,,,,,,,,,
LTFC_139,BUILDING,BUILDING,375229.142N,0301903.161E,3072.82,14.76,NO,,NO,,,,,,,,,,,,,,,,,,,,,,,,,,,,,
LTFC_140,BUILDING,BUILDING,375229.197N,0301903.547E,3072.47,14.76,NO,,NO,,,,,,,,,,,,,,,,,,,,,,,,,,,,,
LTFC_141,BUILDING,BUILDING,375229.273N,0301902.517E,3073.26,14.76,NO,,NO,,,,,,,,,,,,,,,,,,,,,,,,,,,,,
LTFC_142,BUILDING,BUILDING,375229.620N,0301904.857E,3080.95,24.61,NO,,NO,,,,,,,,,,,,,,,,,,,,,,,,,,,,,
LTFC_143,BUILDING,BUILDING,375229.986N,0301905.178E,3080.46,24.61,NO,,NO,,,,,,,,,,,,,,,,,,,,,,,,,,,,,
LTFC_144,BUILDING,BUILDING,375229.484N,0301904.475E,3081.35,24.61,NO,,NO,,,,,,,,,,,,,,,,,,,,,,,,,,,,,
LTFC_145,BUILDING,BUILDING,375230.236N,0301904.153E,3071.33,14.76,NO,,NO,,,,,,,,,,,,,,,,,,,,,,,,,,,,,
LTFC_146,BUILDING,BUILDING,375229.904N,0301904.143E,3071.54,14.76,NO,,NO,,,,,,,,,,,,,,,,,,,,,,,,,,,,,
LTFC_147,BUILDING,BUILDING,375229.832N,0301903.344E,3082.10,24.61,NO,,NO,,,,,,,,,,,,,,,,,,,,,,,,,,,,,
LTFC_148,BUILDING,BUILDING,375230.240N,0301903.440E,3081.75,24.61,NO,,NO,,,,,,,,,,,,,,,,,,,,,,,,,,,,,
LTFC_149,BUILDING,BUILDING,375230.639N,0301905.317E,3070.13,14.76,NO,,NO,,,,,,,,,,,,,,,,,,,,,,,,,,,,,
LTFC_150,BUILDING,BUILDING,375229.969N,0301906.017E,3080.07,24.61,NO,,NO,,,,,,,,,,,,,,,,,,,,,,,,,,,,,
LTFC_151,BUILDING,BUILDING,375230.035N,0301906.406E,3079.85,24.61,NO,,NO,,,,,,,,,,,,,,,,,,,,,,,,,,,,,
LTFC_152,BUILDING,BUILDING,375230.126N,0301906.798E,3079.51,24.61,NO,,NO,,,,,,,,,,,,,,,,,,,,,,,,,,,,,
LTFC_153,BUILDING,BUILDING,375230.251N,0301907.291E,3079.02,24.61,NO,,NO,,,,,,,,,,,,,,,,,,,,,,,,,,,,,
LTFC_154,BUILDING,BUILDING,375230.395N,0301907.710E,3078.58,24.61,NO,,NO,,,,,,,,,,,,,,,,,,,,,,,,,,,,,
LTFC_155,BUILDING,BUILDING,375230.510N,0301905.644E,3070.01,14.76,NO,,NO,,,,,,,,,,,,,,,,,,,,,,,,,,,,,
LTFC_156,BUILDING,BUILDING,375230.848N,0301905.834E,3069.59,14.76,NO,,NO,,,,,,,,,,,,,,,,,,,,,,,,,,,,,
LTFC_157,BUILDING,BUILDING,375230.564N,0301907.193E,3069.01,14.76,NO,,NO,,,,,,,,,,,,,,,,,,,,,,,,,,,,,
LTFC_158,BUILDING,BUILDING,375230.482N,0301904.941E,3070.52,14.76,NO,,NO,,,,,,,,,,,,,,,,,,,,,,,,,,,,,
LTFC_159,BUILDING,BUILDING,375230.790N,0301908.176E,3068.05,14.76,NO,,NO,,,,,,,,,,,,,,,,,,,,,,,,,,,,,
LTFC_160,BUILDING,BUILDING,375230.949N,0301908.777E,3077.35,24.61,NO,,NO,,,,,,,,,,,,,,,,,,,,,,,,,,,,,
LTFC_161,BUILDING,BUILDING,375231.607N,0301908.326E,3067.12,14.76,NO,,NO,,,,,,,,,,,,,,,,,,,,,,,,,,,,,
LTFC_162,BUILDING,BUILDING,375232.028N,0301908.265E,3066.83,14.76,NO,,NO,,,,,,,,,,,,,,,,,,,,,,,,,,,,,
LTFC_163,BUILDING,BUILDING,375231.449N,0301909.833E,3076.04,24.61,NO,,NO,,,,,,,,,,,,,,,,,,,,,,,,,,,,,
LTFC_164,BUILDING,BUILDING,375232.086N,0301909.581E,3065.94,14.76,NO,,NO,,,,,,,,,,,,,,,,,,,,,,,,,,,,,
LTFC_165,BUILDING,BUILDING,375231.692N,0301909.100E,3066.58,14.76,NO,,NO,,,,,,,,,,,,,,,,,,,,,,,,,,,,,
LTFC_166,BUILDING,BUILDING,375232.080N,0301908.957E,3066.38,14.76,NO,,NO,,,,,,,,,,,,,,,,,,,,,,,,,,,,,
LTFC_167,BUILDING,BUILDING,375232.238N,0301909.164E,3066.09,14.76,NO,,NO,,,,,,,,,,,,,,,,,,,,,,,,,,,,,
LTFC_168,BUILDING,BUILDING,375232.363N,0301909.634E,3065.91,14.76,NO,,NO,,,,,,,,,,,,,,,,,,,,,,,,,,,,,
LTFC_169,BUILDING,BUILDING,375232.264N,0301910.750E,3065.91,14.76,NO,,NO,,,,,,,,,,,,,,,,,,,,,,,,,,,,,
LTFC_170,BUILDING,BUILDING,375232.448N,0301910.262E,3065.91,14.76,NO,,NO,,,,,,,,,,,,,,,,,,,,,,,,,,,,,
LTFC_171,BUILDING,BUILDING,375232.595N,0301910.652E,3065.81,14.76,NO,,NO,,,,,,,,,,,,,,,,,,,,,,,,,,,,,
LTFC_172,BUILDING,BUILDING,375232.389N,0301911.020E,3065.75,14.76,NO,,NO,,,,,,,,,,,,,,,,,,,,,,,,,,,,,
LTFC_173,BUILDING,BUILDING,375233.394N,0301911.522E,3064.40,14.76,NO,,NO,,,,,,,,,,,,,,,,,,,,,,,,,,,,,
LTFC_174,BUILDING,BUILDING,375231.351N,0301856.393E,3093.36,34.45,NO,,NO,,,,,,,,,,,,,,,,,,,,,,,,,,,,,
LTFC_175,BUILDING,BUILDING,375137.037N,0302544.640E,3160.68,34.45,NO,,NO,,,,,,,,,,,,,,,,,,,,,,,,,,,,,
LTFC_176,BUILDING,BUILDING,375139.758N,0302527.878E,3097.08,34.45,NO,,NO,,,,,,,,,,,,,,,,,,,,,,,,,,,,,
LTFC_177,BUILDING,BUILDING,375138.516N,0302525.487E,3092.92,34.45,NO,,NO,,,,,,,,,,,,,,,,,,,,,,,,,,,,,
LTFC_178,GSM MAST,POLE,375144.496N,0302516.246E,3215.18,196.85,NO,,NO,,,,,,,,,,,,,,,,,,,,,,,,,,,,,
LTFC_179,GSM MAST,POLE,375145.030N,0302517.782E,3216.30,196.85,NO,,NO,,,,,,,,,,,,,,,,,,,,,,,,,,,,,
LTFC_180,BUILDING,BUILDING,375113.548N,0302515.107E,3034.85,34.45,NO,,NO,,,,,,,,,,,,,,,,,,,,,,,,,,,,,
LTFC_181,BUILDING,BUILDING,375114.423N,0302512.608E,2992.59,14.76,NO,,NO,,,,,,,,,,,,,,,,,,,,,,,,,,,,,
LTFC_182,BUILDING,BUILDING,375114.413N,0302512.327E,2990.57,14.76,NO,,NO,,,,,,,,,,,,,,,,,,,,,,,,,,,,,
LTFC_183,BUILDING,BUILDING,375115.771N,0302516.417E,3035.16,34.45,NO,,NO,,,,,,,,,,,,,,,,,,,,,,,,,,,,,
LTFC_184,BUILDING,BUILDING,375117.583N,0302511.592E,2992.86,14.76,NO,,NO,,,,,,,,,,,,,,,,,,,,,,,,,,,,,
LTFC_185,BUILDING,BUILDING,375119.749N,0302511.900E,3024.25,34.45,NO,,NO,,,,,,,,,,,,,,,,,,,,,,,,,,,,,
LTFC_186,BUILDING,BUILDING,375119.318N,0302510.533E,3002.44,24.61,NO,,NO,,,,,,,,,,,,,,,,,,,,,,,,,,,,,
LTFC_187,BUILDING,BUILDING,375121.174N,0302511.806E,3027.51,34.45,NO,,NO,,,,,,,,,,,,,,,,,,,,,,,,,,,,,
LTFC_188,BUILDING,BUILDING,375121.991N,0302511.029E,3021.75,34.45,NO,,NO,,,,,,,,,,,,,,,,,,,,,,,,,,,,,
LTFC_189,BUILDING,BUILDING,375122.469N,0302513.025E,3033.30,34.45,NO,,NO,,,,,,,,,,,,,,,,,,,,,,,,,,,,,
LTFC_190,BUILDING,BUILDING,375123.122N,0302510.064E,3002.85,24.61,NO,,NO,,,,,,,,,,,,,,,,,,,,,,,,,,,,,
LTFC_191,MINARET,BUILDING,375123.479N,0302510.201E,3042.10,63.98,NO,,NO,,,,,,,,,,,,,,,,,,,,,,,,,,,,,
LTFC_192,BUILDING,BUILDING,375124.233N,0302509.967E,2998.49,24.61,NO,,NO,,,,,,,,,,,,,,,,,,,,,,,,,,,,,
LTFC_193,BUILDING,BUILDING,375124.901N,0302510.240E,2998.39,24.61,NO,,NO,,,,,,,,,,,,,,,,,,,,,,,,,,,,,
LTFC_194,BUILDING,BUILDING,375125.049N,0302510.227E,2987.96,14.76,NO,,NO,,,,,,,,,,,,,,,,,,,,,,,,,,,,,
LTFC_195,BUILDING,BUILDING,375125.262N,0302510.748E,3001.03,24.61,NO,,NO,,,,,,,,,,,,,,,,,,,,,,,,,,,,,
LTFC_196,BUILDING,BUILDING,375125.372N,0302509.134E,2989.49,24.61,NO,,NO,,,,,,,,,,,,,,,,,,,,,,,,,,,,,
LTFC_197,BUILDING,BUILDING,375125.855N,0302510.506E,2988.66,14.76,NO,,NO,,,,,,,,,,,,,,,,,,,,,,,,,,,,,
LTFC_198,BUILDING,BUILDING,375125.800N,0302510.956E,2992.21,14.76,NO,,NO,,,,,,,,,,,,,,,,,,,,,,,,,,,,,
LTFC_199,BUILDING,BUILDING,375122.932N,0302514.387E,3041.39,34.45,NO,,NO,,,,,,,,,,,,,,,,,,,,,,,,,,,,,
LTFC_200,BUILDING,BUILDING,375121.941N,0302514.250E,3042.33,34.45,NO,,NO,,,,,,,,,,,,,,,,,,,,,,,,,,,,,
LTFC_201,BUILDING,BUILDING,375127.839N,0302514.793E,3031.08,34.45,NO,,NO,,,,,,,,,,,,,,,,,,,,,,,,,,,,,
LTFC_202,BUILDING,BUILDING,375126.962N,0302511.139E,2998.67,24.61,NO,,NO,,,,,,,,,,,,,,,,,,,,,,,,,,,,,
LTFC_203,BUILDING,BUILDING,375127.295N,0302511.491E,3000.01,24.61,NO,,NO,,,,,,,,,,,,,,,,,,,,,,,,,,,,,
LTFC_204,BUILDING,BUILDING,375127.526N,0302511.822E,2992.34,14.76,NO,,NO,,,,,,,,,,,,,,,,,,,,,,,,,,,,,
LTFC_205,BUILDING,BUILDING,375127.627N,0302511.182E,2987.13,14.76,NO,,NO,,,,,,,,,,,,,,,,,,,,,,,,,,,,,
LTFC_206,BUILDING,BUILDING,375127.810N,0302511.933E,3002.41,24.61,NO,,NO,,,,,,,,,,,,,,,,,,,,,,,,,,,,,
LTFC_207,BUILDING,BUILDING,375127.900N,0302511.495E,2999.37,24.61,NO,,NO,,,,,,,,,,,,,,,,,,,,,,,,,,,,,
LTFC_208,BUILDING,BUILDING,375127.896N,0302511.282E,2988.61,14.76,NO,,NO,,,,,,,,,,,,,,,,,,,,,,,,,,,,,
LTFC_209,BUILDING,BUILDING,375128.132N,0302511.245E,2988.78,14.76,NO,,NO,,,,,,,,,,,,,,,,,,,,,,,,,,,,,
LTFC_210,BUILDING,BUILDING,375128.473N,0302511.386E,2989.65,14.76,NO,,NO,,,,,,,,,,,,,,,,,,,,,,,,,,,,,
LTFC_211,BUILDING,BUILDING,375128.375N,0302511.736E,2992.36,14.76,NO,,NO,,,,,,,,,,,,,,,,,,,,,,,,,,,,,
LTFC_212,BUILDING,BUILDING,375128.752N,0302511.694E,3001.87,24.61,NO,,NO,,,,,,,,,,,,,,,,,,,,,,,,,,,,,
LTFC_213,BUILDING,BUILDING,375129.858N,0302511.074E,3000.86,24.61,NO,,NO,,,,,,,,,,,,,,,,,,,,,,,,,,,,,
LTFC_214,BUILDING,BUILDING,375131.069N,0302514.776E,3043.43,34.45,NO,,NO,,,,,,,,,,,,,,,,,,,,,,,,,,,,,
LTFC_215,BUILDING,BUILDING,375135.257N,0302520.796E,3080.41,34.45,NO,,NO,,,,,,,,,,,,,,,,,,,,,,,,,,,,,
LTFC_216,BUILDING,BUILDING,375124.102N,0302521.033E,3091.01,34.45,NO,,NO,,,,,,,,,,,,,,,,,,,,,,,,,,,,,
LTFC_217,BUILDING,BUILDING,375124.045N,0302517.797E,3063.27,34.45,NO,,NO,,,,,,,,,,,,,,,,,,,,,,,,,,,,,
LTFC_218,BUILDING,BUILDING,375126.163N,0302510.477E,2987.43,14.76,NO,,NO,,,,,,,,,,,,,,,,,,,,,,,,,,,,,
LTFC_219,BUILDING,BUILDING,375126.354N,0302509.939E,2982.78,14.76,NO,,NO,,,,,,,,,,,,,,,,,,,,,,,,,,,,,
LTFC_220,BUILDING,BUILDING,375126.795N,0302510.022E,2981.96,14.76,NO,,NO,,,,,,,,,,,,,,,,,,,,,,,,,,,,,
LTFC_221,BUILDING,BUILDING,375127.477N,0302510.168E,2980.20,14.76,NO,,NO,,,,,,,,,,,,,,,,,,,,,,,,,,,,,
LTFC_222,BUILDING,BUILDING,375127.831N,0302510.358E,2980.87,14.76,NO,,NO,,,,,,,,,,,,,,,,,,,,,,,,,,,,,
LTFC_223,BUILDING,BUILDING,375128.072N,0302510.610E,2984.06,14.76,NO,,NO,,,,,,,,,,,,,,,,,,,,,,,,,,,,,
LTFC_224,BUILDING,BUILDING,375128.264N,0302510.065E,2989.71,24.61,NO,,NO,,,,,,,,,,,,,,,,,,,,,,,,,,,,,
LTFC_225,BUILDING,BUILDING,375127.312N,0302509.198E,2983.97,24.61,NO,,NO,,,,,,,,,,,,,,,,,,,,,,,,,,,,,
LTFC_226,BUILDING,BUILDING,375127.746N,0302508.711E,2988.75,34.45,NO,,NO,,,,,,,,,,,,,,,,,,,,,,,,,,,,,
LTFC_227,BUILDING,BUILDING,375126.206N,0302508.202E,2979.61,24.61,NO,,NO,,,,,,,,,,,,,,,,,,,,,,,,,,,,,
LTFC_228,BUILDING,BUILDING,375124.255N,0302509.634E,2986.03,14.76,NO,,NO,,,,,,,,,,,,,,,,,,,,,,,,,,,,,
LTFC_229,BUILDING,BUILDING,375123.820N,0302508.842E,3001.08,34.45,NO,,NO,,,,,,,,,,,,,,,,,,,,,,,,,,,,,
LTFC_230,BUILDING,BUILDING,375123.150N,0302507.858E,2985.11,24.61,NO,,NO,,,,,,,,,,,,,,,,,,,,,,,,,,,,,
LTFC_231,BUILDING,BUILDING,375122.939N,0302508.542E,2980.84,14.76,NO,,NO,,,,,,,,,,,,,,,,,,,,,,,,,,,,,
LTFC_232,BUILDING,BUILDING,375122.885N,0302509.025E,2994.53,24.61,NO,,NO,,,,,,,,,,,,,,,,,,,,,,,,,,,,,
LTFC_233,BUILDING,BUILDING,375123.134N,0302509.103E,2985.61,14.76,NO,,NO,,,,,,,,,,,,,,,,,,,,,,,,,,,,,
LTFC_234,BUILDING,BUILDING,375122.504N,0302508.956E,2994.12,24.61,NO,,NO,,,,,,,,,,,,,,,,,,,,,,,,,,,,,
LTFC_235,BUILDING,BUILDING,375122.121N,0302508.931E,3004.25,34.45,NO,,NO,,,,,,,,,,,,,,,,,,,,,,,,,,,,,
LTFC_236,BUILDING,BUILDING,375122.154N,0302508.395E,2989.57,24.61,NO,,NO,,,,,,,,,,,,,,,,,,,,,,,,,,,,,
LTFC_237,BUILDING,BUILDING,375119.095N,0302507.415E,2985.95,34.45,NO,,NO,,,,,,,,,,,,,,,,,,,,,,,,,,,,,
LTFC_238,BUILDING,BUILDING,375118.249N,0302509.446E,2979.04,14.76,NO,,NO,,,,,,,,,,,,,,,,,,,,,,,,,,,,,
LTFC_239,BUILDING,BUILDING,375118.255N,0302509.695E,2991.04,24.61,NO,,NO,,,,,,,,,,,,,,,,,,,,,,,,,,,,,
LTFC_240,BUILDING,BUILDING,375117.531N,0302509.591E,2985.67,24.61,NO,,NO,,,,,,,,,,,,,,,,,,,,,,,,,,,,,
LTFC_241,BUILDING,BUILDING,375117.889N,0302509.805E,2980.16,14.76,NO,,NO,,,,,,,,,,,,,,,,,,,,,,,,,,,,,
LTFC_242,BUILDING,BUILDING,375117.342N,0302510.935E,2996.32,24.61,NO,,NO,,,,,,,,,,,,,,,,,,,,,,,,,,,,,
LTFC_243,BUILDING,BUILDING,375117.018N,0302510.995E,2985.35,14.76,NO,,NO,,,,,,,,,,,,,,,,,,,,,,,,,,,,,
LTFC_244,BUILDING,BUILDING,375117.098N,0302511.284E,2987.91,14.76,NO,,NO,,,,,,,,,,,,,,,,,,,,,,,,,,,,,
LTFC_245,BUILDING,BUILDING,375116.117N,0302512.107E,3000.87,24.61,NO,,NO,,,,,,,,,,,,,,,,,,,,,,,,,,,,,
LTFC_246,BUILDING,BUILDING,375115.656N,0302511.559E,2996.28,24.61,NO,,NO,,,,,,,,,,,,,,,,,,,,,,,,,,,,,
LTFC_247,BUILDING,BUILDING,375115.756N,0302511.941E,2989.51,14.76,NO,,NO,,,,,,,,,,,,,,,,,,,,,,,,,,,,,
LTFC_248,BUILDING,BUILDING,375112.929N,0302510.917E,2983.61,14.76,NO,,NO,,,,,,,,,,,,,,,,,,,,,,,,,,,,,
LTFC_249,BUILDING,BUILDING,375113.475N,0302508.841E,2986.94,34.45,NO,,NO,,,,,,,,,,,,,,,,,,,,,,,,,,,,,
LTFC_250,BUILDING,BUILDING,375114.338N,0302508.407E,2982.19,34.45,NO,,NO,,,,,,,,,,,,,,,,,,,,,,,,,,,,,
LTFC_251,BUILDING,BUILDING,375114.356N,0302510.221E,2984.39,24.61,NO,,NO,,,,,,,,,,,,,,,,,,,,,,,,,,,,,
LTFC_252,BUILDING,BUILDING,375114.704N,0302510.320E,2983.97,24.61,NO,,NO,,,,,,,,,,,,,,,,,,,,,,,,,,,,,
LTFC_253,BUILDING,BUILDING,375115.079N,0302510.054E,2982.01,24.61,NO,,NO,,,,,,,,,,,,,,,,,,,,,,,,,,,,,
LTFC_254,BUILDING,BUILDING,375115.881N,0302509.360E,2988.14,34.45,NO,,NO,,,,,,,,,,,,,,,,,,,,,,,,,,,,,
LTFC_255,BUILDING,BUILDING,375115.555N,0302510.296E,2985.91,24.61,NO,,NO,,,,,,,,,,,,,,,,,,,,,,,,,,,,,
LTFC_256,BUILDING,BUILDING,375239.797N,0302536.565E,3010.13,24.61,NO,,NO,,,,,,,,,,,,,,,,,,,,,,,,,,,,,
LTFC_257,BUILDING,BUILDING,375241.640N,0302535.460E,2998.89,14.76,NO,,NO,,,,,,,,,,,,,,,,,,,,,,,,,,,,,
LTFC_258,GSM MAST,POLE,375224.169N,0302554.552E,3152.78,82.02,NO,,NO,,,,,,,,,,,,,,,,,,,,,,,,,,,,,
LTFC_259,GSM MAST,POLE,375223.981N,0302555.910E,3149.57,82.02,NO,,NO,,,,,,,,,,,,,,,,,,,,,,,,,,,,,
LTFC_260,LOW VOLTAGE MAST,POLE,375224.577N,0302555.291E,3098.79,29.53,NO,,NO,,,,,,,,,,,,,,,,,,,,,,,,,,,,,
LTFC_261,MEDIUM VOLTAGE MAST,POLE,375224.308N,0302556.184E,3149.57,82.02,NO,,NO,,,,,,,,,,,,,,,,,,,,,,,,,,,,,
LTFC_262,LOW VOLTAGE MAST,POLE,375223.639N,0302555.541E,3097.08,29.53,NO,,NO,,,,,,,,,,,,,,,,,,,,,,,,,,,,,
LTFC_263,LOW VOLTAGE MAST,POLE,375223.825N,0302555.081E,3097.08,29.53,NO,,NO,,,,,,,,,,,,,,,,,,,,,,,,,,,,,
LTFC_264,LOW VOLTAGE MAST,POLE,375224.191N,0302552.844E,3107.06,29.53,NO,,NO,,,,,,,,,,,,,,,,,,,,,,,,,,,,,
LTFC_265,LOW VOLTAGE MAST,POLE,375222.926N,0302553.062E,3097.98,29.53,NO,,NO,,,,,,,,,,,,,,,,,,,,,,,,,,,,,
LTFC_266,LOW VOLTAGE MAST,POLE,375222.871N,0302553.692E,3100.75,29.53,NO,,NO,,,,,,,,,,,,,,,,,,,,,,,,,,,,,
LTFC_267,LOW VOLTAGE MAST,POLE,375222.536N,0302555.407E,3101.88,29.53,NO,,NO,,,,,,,,,,,,,,,,,,,,,,,,,,,,,
LTFC_268,LOW VOLTAGE MAST,POLE,375223.307N,0302559.154E,3101.71,29.53,NO,,NO,,,,,,,,,,,,,,,,,,,,,,,,,,,,,
LTFC_269,LOW VOLTAGE MAST,POLE,375223.415N,0302604.050E,3109.49,29.53,NO,,NO,,,,,,,,,,,,,,,,,,,,,,,,,,,,,
LTFC_270,LOW VOLTAGE MAST,POLE,375222.754N,0302603.249E,3122.14,29.53,NO,,NO,,,,,,,,,,,,,,,,,,,,,,,,,,,,,
LTFC_271,LOW VOLTAGE MAST,POLE,375222.325N,0302602.437E,3128.97,29.53,NO,,NO,,,,,,,,,,,,,,,,,,,,,,,,,,,,,
LTFC_272,LOW VOLTAGE MAST,POLE,375221.902N,0302605.549E,3128.29,29.53,NO,,NO,,,,,,,,,,,,,,,,,,,,,,,,,,,,,
LTFC_273,LOW VOLTAGE MAST,POLE,375221.977N,0302607.342E,3121.42,29.53,NO,,NO,,,,,,,,,,,,,,,,,,,,,,,,,,,,,
LTFC_274,LOW VOLTAGE MAST,POLE,375221.898N,0302612.441E,3153.88,29.53,NO,,NO,,,,,,,,,,,,,,,,,,,,,,,,,,,,,
LTFC_275,LOW VOLTAGE MAST,POLE,375221.959N,0302614.593E,3181.11,29.53,NO,,NO,,,,,,,,,,,,,,,,,,,,,,,,,,,,,
LTFC_276,LOW VOLTAGE MAST,POLE,375222.615N,0302615.206E,3191.60,29.53,NO,,NO,,,,,,,,,,,,,,,,,,,,,,,,,,,,,
LTFC_277,LOW VOLTAGE MAST,POLE,375221.683N,0302617.712E,3202.26,29.53,NO,,NO,,,,,,,,,,,,,,,,,,,,,,,,,,,,,
LTFC_278,LOW VOLTAGE MAST,POLE,375221.228N,0302621.573E,3202.37,29.53,NO,,NO,,,,,,,,,,,,,,,,,,,,,,,,,,,,,
LTFC_279,LOW VOLTAGE MAST,POLE,375222.011N,0302623.125E,3224.48,29.53,NO,,NO,,,,,,,,,,,,,,,,,,,,,,,,,,,,,
LTFC_280,LOW VOLTAGE MAST,POLE,375220.674N,0302624.269E,3192.57,29.53,NO,,NO,,,,,,,,,,,,,,,,,,,,,,,,,,,,,
LTFC_281,GSM MAST,POLE,375223.415N,0302623.539E,3365.60,131.23,NO,,NO,,,,,,,,,,,,,,,,,,,,,,,,,,,,,
LTFC_282,GSM MAST,POLE,375223.250N,0302627.621E,3295.62,131.23,NO,,NO,,,,,,,,,,,,,,,,,,,,,,,,,,,,,
LTFC_283,LOW VOLTAGE MAST,POLE,375228.898N,0302557.734E,3085.90,29.53,NO,,NO,,,,,,,,,,,,,,,,,,,,,,,,,,,,,
LTFC_284,LOW VOLTAGE MAST,POLE,375228.465N,0302557.560E,3091.48,29.53,NO,,NO,,,,,,,,,,,,,,,,,,,,,,,,,,,,,
LTFC_285,LOW VOLTAGE MAST,POLE,375228.702N,0302557.180E,3093.40,29.53,NO,,NO,,,,,,,,,,,,,,,,,,,,,,,,,,,,,
LTFC_286,MEDIUM VOLTAGE MAST,POLE,375230.328N,0302601.066E,3133.15,82.02,NO,,NO,,,,,,,,,,,,,,,,,,,,,,,,,,,,,
LTFC_287,MEDIUM VOLTAGE MAST,POLE,375229.550N,0302600.000E,3133.20,82.02,NO,,NO,,,,,,,,,,,,,,,,,,,,,,,,,,,,,
LTFC_288,MEDIUM VOLTAGE MAST,POLE,375228.724N,0302559.728E,3137.34,82.02,NO,,NO,,,,,,,,,,,,,,,,,,,,,,,,,,,,,
LTFC_289,LOW VOLTAGE MAST,POLE,375230.509N,0302559.430E,3077.19,29.53,NO,,NO,,,,,,,,,,,,,,,,,,,,,,,,,,,,,
LTFC_290,MEDIUM VOLTAGE MAST,POLE,375231.597N,0302554.249E,3128.00,82.02,NO,,NO,,,,,,,,,,,,,,,,,,,,,,,,,,,,,
LTFC_291,HIGH VOLTAGE MAST,POLE,374838.049N,0302314.995E,3145.68,131.23,NO,,NO,,,,,,,,,,,,,,,,,,,,,,,,,,,,,
LTFC_292,HIGH VOLTAGE MAST,POLE,374838.397N,0302319.042E,3160.38,131.23,NO,,NO,,,,,,,,,,,,,,,,,,,,,,,,,,,,,
LTFC_293,HIGH VOLTAGE MAST,POLE,374842.777N,0302324.818E,3149.57,98.42,NO,,NO,,,,,,,,,,,,,,,,,,,,,,,,,,,,,
LTFC_294,BUILDING,BUILDING,374834.354N,0302331.142E,3196.32,14.76,NO,,NO,,,,,,,,,,,,,,,,,,,,,,,,,,,,,
LTFC_295,HIGH VOLTAGE MAST,POLE,374849.731N,0302328.860E,3170.07,98.42,NO,,NO,,,,,,,,,,,,,,,,,,,,,,,,,,,,,
LTFC_296,HIGH VOLTAGE MAST,POLE,374846.233N,0302335.501E,3324.83,98.42,NO,,NO,,,,,,,,,,,,,,,,,,,,,,,,,,,,,
LTFC_297,HIGH VOLTAGE MAST,POLE,374854.091N,0302339.140E,3286.19,98.42,NO,,NO,,,,,,,,,,,,,,,,,,,,,,,,,,,,,
LTFC_298,HIGH VOLTAGE MAST,POLE,374856.792N,0302331.273E,3126.41,98.42,NO,,NO,,,,,,,,,,,,,,,,,,,,,,,,,,,,,
LTFC_299,HIGH VOLTAGE MAST,POLE,374903.459N,0302343.129E,3224.84,98.42,NO,,NO,,,,,,,,,,,,,,,,,,,,,,,,,,,,,
LTFC_300,HIGH VOLTAGE MAST,POLE,374915.500N,0302348.258E,3141.33,98.42,NO,,NO,,,,,,,,,,,,,,,,,,,,,,,,,,,,,
LTFC_301,HIGH VOLTAGE MAST,POLE,374924.927N,0302354.571E,3077.59,98.42,NO,,NO,,,,,,,,,,,,,,,,,,,,,,,,,,,,,
LTFC_302,MEDIUM VOLTAGE MAST,POLE,374931.545N,0302403.024E,3087.30,82.02,NO,,NO,,,,,,,,,,,,,,,,,,,,,,,,,,,,,
LTFC_303,HIGH VOLTAGE MAST,POLE,374927.624N,0302351.418E,3036.26,98.42,NO,,NO,,,,,,,,,,,,,,,,,,,,,,,,,,,,,
LTFC_304,HIGH VOLTAGE MAST,POLE,374935.643N,0302404.453E,3102.23,98.42,NO,,NO,,,,,,,,,,,,,,,,,,,,,,,,,,,,,
LTFC_305,HIGH VOLTAGE MAST,POLE,374958.725N,0302426.920E,3083.95,98.42,NO,,NO,,,,,,,,,,,,,,,,,,,,,,,,,,,,,
LTFC_306,HIGH VOLTAGE MAST,POLE,374954.965N,0302426.824E,3106.17,98.42,NO,,NO,,,,,,,,,,,,,,,,,,,,,,,,,,,,,
LTFC_307,HIGH VOLTAGE MAST,POLE,375010.299N,0302437.043E,3106.58,98.42,NO,,NO,,,,,,,,,,,,,,,,,,,,,,,,,,,,,
LTFC_308,HIGH VOLTAGE MAST,POLE,375016.160N,0302442.416E,3091.30,98.42,NO,,NO,,,,,,,,,,,,,,,,,,,,,,,,,,,,,
LTFC_309,HIGH VOLTAGE MAST,POLE,374941.187N,0302409.757E,3127.31,98.42,NO,,NO,,,,,,,,,,,,,,,,,,,,,,,,,,,,,
LTFC_310,HIGH VOLTAGE MAST,POLE,374946.467N,0302414.806E,3114.57,98.42,NO,,NO,,,,,,,,,,,,,,,,,,,,,,,,,,,,,
LTFC_311,HIGH VOLTAGE MAST,POLE,374952.905N,0302420.976E,3083.95,98.42,NO,,NO,,,,,,,,,,,,,,,,,,,,,,,,,,,,,
LTFC_312,HIGH VOLTAGE MAST,POLE,375020.451N,0302446.339E,3083.95,98.42,NO,,NO,,,,,,,,,,,,,,,,,,,,,,,,,,,,,
LTFC_313,HIGH VOLTAGE MAST,POLE,375026.802N,0302451.918E,3083.95,98.42,NO,,NO,,,,,,,,,,,,,,,,,,,,,,,,,,,,,
LTFC_314,HIGH VOLTAGE MAST,POLE,375033.241N,0302458.028E,3083.95,98.42,NO,,NO,,,,,,,,,,,,,,,,,,,,,,,,,,,,,
LTFC_315,HIGH VOLTAGE MAST,POLE,375039.941N,0302504.588E,3110.82,98.42,NO,,NO,,,,,,,,,,,,,,,,,,,,,,,,,,,,,
LTFC_316,HIGH VOLTAGE MAST,POLE,375047.011N,0302511.039E,3112.44,98.42,NO,,NO,,,,,,,,,,,,,,,,,,,,,,,,,,,,,
LTFC_317,HIGH VOLTAGE MAST,POLE,375056.441N,0302519.924E,3124.10,98.42,NO,,NO,,,,,,,,,,,,,,,,,,,,,,,,,,,,,
LTFC_318,HIGH VOLTAGE MAST,POLE,375110.207N,0302532.673E,3346.42,98.42,NO,,NO,,,,,,,,,,,,,,,,,,,,,,,,,,,,,
LTFC_319,HIGH VOLTAGE MAST,POLE,375121.963N,0302543.739E,3373.81,98.42,NO,,NO,,,,,,,,,,,,,,,,,,,,,,,,,,,,,
LTFC_320,HIGH VOLTAGE MAST,POLE,375135.828N,0302556.471E,3281.60,98.42,NO,,NO,,,,,,,,,,,,,,,,,,,,,,,,,,,,,
LTFC_321,HIGH VOLTAGE MAST,POLE,375148.751N,0302608.528E,3392.38,98.42,NO,,NO,,,,,,,,,,,,,,,,,,,,,,,,,,,,,
LTFC_322,HIGH VOLTAGE MAST,POLE,375154.701N,0302614.107E,3543.26,98.42,NO,,NO,,,,,,,,,,,,,,,,,,,,,,,,,,,,,
LTFC_323,LOW VOLTAGE MAST,POLE,375222.002N,0302550.937E,3098.72,29.53,NO,,NO,,,,,,,,,,,,,,,,,,,,,,,,,,,,,
LTFC_324,LOW VOLTAGE MAST,POLE,375222.368N,0302550.079E,3100.22,29.53,NO,,NO,,,,,,,,,,,,,,,,,,,,,,,,,,,,,
LTFC_325,LOW VOLTAGE MAST,POLE,375220.909N,0302549.202E,3097.08,29.53,NO,,NO,,,,,,,,,,,,,,,,,,,,,,,,,,,,,
LTFC_326,LOW VOLTAGE MAST,POLE,375219.853N,0302548.003E,3096.74,29.53,NO,,NO,,,,,,,,,,,,,,,,,,,,,,,,,,,,,
LTFC_327,LOW VOLTAGE MAST,POLE,375217.750N,0302546.195E,3073.75,29.53,NO,,NO,,,,,,,,,,,,,,,,,,,,,,,,,,,,,
LTFC_328,LOW VOLTAGE MAST,POLE,375216.468N,0302544.121E,3061.06,29.53,NO,,NO,,,,,,,,,,,,,,,,,,,,,,,,,,,,,
LTFC_329,LOW VOLTAGE MAST,POLE,375215.625N,0302546.050E,3071.68,29.53,NO,,NO,,,,,,,,,,,,,,,,,,,,,,,,,,,,,
LTFC_330,LOW VOLTAGE MAST,POLE,375213.957N,0302545.057E,3066.34,29.53,NO,,NO,,,,,,,,,,,,,,,,,,,,,,,,,,,,,
LTFC_331,LOW VOLTAGE MAST,POLE,375212.420N,0302544.918E,3066.46,29.53,NO,,NO,,,,,,,,,,,,,,,,,,,,,,,,,,,,,
LTFC_332,LOW VOLTAGE MAST,POLE,375211.824N,0302543.680E,3062.94,29.53,NO,,NO,,,,,,,,,,,,,,,,,,,,,,,,,,,,,
LTFC_333,LOW VOLTAGE MAST,POLE,375210.468N,0302545.203E,3077.59,29.53,NO,,NO,,,,,,,,,,,,,,,,,,,,,,,,,,,,,
LTFC_334,LOW VOLTAGE MAST,POLE,375207.087N,0302545.355E,3077.26,29.53,NO,,NO,,,,,,,,,,,,,,,,,,,,,,,,,,,,,
LTFC_335,LOW VOLTAGE MAST,POLE,375222.731N,0302559.203E,3107.85,29.53,NO,,NO,,,,,,,,,,,,,,,,,,,,,,,,,,,,,
LTFC_336,LOW VOLTAGE MAST,POLE,375222.645N,0302556.786E,3101.63,29.53,NO,,NO,,,,,,,,,,,,,,,,,,,,,,,,,,,,,
LTFC_337,LOW VOLTAGE MAST,POLE,375217.890N,0302619.938E,3184.71,29.53,NO,,NO,,,,,,,,,,,,,,,,,,,,,,,,,,,,,
LTFC_338,LOW VOLTAGE MAST,POLE,375216.891N,0302622.053E,3182.83,29.53,NO,,NO,,,,,,,,,,,,,,,,,,,,,,,,,,,,,
LTFC_339,LOW VOLTAGE MAST,POLE,375215.922N,0302624.131E,3179.10,29.53,NO,,NO,,,,,,,,,,,,,,,,,,,,,,,,,,,,,
LTFC_340,LOW VOLTAGE MAST,POLE,375214.993N,0302626.064E,3179.10,29.53,NO,,NO,,,,,,,,,,,,,,,,,,,,,,,,,,,,,
LTFC_341,LOW VOLTAGE MAST,POLE,375214.080N,0302627.963E,3175.32,29.53,NO,,NO,,,,,,,,,,,,,,,,,,,,,,,,,,,,,
LTFC_342,LOW VOLTAGE MAST,POLE,375155.037N,0302459.918E,2981.52,29.53,NO,,NO,,,,,,,,,,,,,,,,,,,,,,,,,,,,,
LTFC_343,LOW VOLTAGE MAST,POLE,375201.179N,0302512.172E,2980.49,29.53,NO,,NO,,,,,,,,,,,,,,,,,,,,,,,,,,,,,
LTFC_344,LOW VOLTAGE MAST,POLE,375200.781N,0302516.274E,2997.24,29.53,NO,,NO,,,,,,,,,,,,,,,,,,,,,,,,,,,,,
LTFC_345,LOW VOLTAGE MAST,POLE,375200.570N,0302518.496E,3009.10,29.53,NO,,NO,,,,,,,,,,,,,,,,,,,,,,,,,,,,,
LTFC_346,LOW VOLTAGE MAST,POLE,375200.385N,0302520.317E,3014.14,29.53,NO,,NO,,,,,,,,,,,,,,,,,,,,,,,,,,,,,
LTFC_347,LOW VOLTAGE MAST,POLE,375200.172N,0302522.382E,3015.06,29.53,NO,,NO,,,,,,,,,,,,,,,,,,,,,,,,,,,,,
LTFC_348,LOW VOLTAGE MAST,POLE,375200.000N,0302524.423E,3015.06,29.53,NO,,NO,,,,,,,,,,,,,,,,,,,,,,,,,,,,,
LTFC_349,LOW VOLTAGE MAST,POLE,375159.801N,0302526.467E,3015.06,29.53,NO,,NO,,,,,,,,,,,,,,,,,,,,,,,,,,,,,
LTFC_350,LOW VOLTAGE MAST,POLE,375159.572N,0302528.486E,3018.16,29.53,NO,,NO,,,,,,,,,,,,,,,,,,,,,,,,,,,,,
LTFC_351,LOW VOLTAGE MAST,POLE,375159.366N,0302530.772E,3034.73,29.53,NO,,NO,,,,,,,,,,,,,,,,,,,,,,,,,,,,,
LTFC_352,LOW VOLTAGE MAST,POLE,375159.210N,0302532.648E,3041.53,29.53,NO,,NO,,,,,,,,,,,,,,,,,,,,,,,,,,,,,
LTFC_353,LOW VOLTAGE MAST,POLE,375159.083N,0302534.040E,3046.52,29.53,NO,,NO,,,,,,,,,,,,,,,,,,,,,,,,,,,,,
LTFC_354,LOW VOLTAGE MAST,POLE,375158.909N,0302535.365E,3047.88,29.53,NO,,NO,,,,,,,,,,,,,,,,,,,,,,,,,,,,,
LTFC_355,LOW VOLTAGE MAST,POLE,375159.901N,0302536.597E,3047.86,29.53,NO,,NO,,,,,,,,,,,,,,,,,,,,,,,,,,,,,
LTFC_356,LOW VOLTAGE MAST,POLE,375157.680N,0302535.259E,3053.28,29.53,NO,,NO,,,,,,,,,,,,,,,,,,,,,,,,,,,,,
LTFC_357,LOW VOLTAGE MAST,POLE,375156.572N,0302534.608E,3060.80,29.53,NO,,NO,,,,,,,,,,,,,,,,,,,,,,,,,,,,,
LTFC_358,LOW VOLTAGE MAST,POLE,375155.417N,0302533.920E,3061.87,29.53,NO,,NO,,,,,,,,,,,,,,,,,,,,,,,,,,,,,
LTFC_359,LOW VOLTAGE MAST,POLE,375154.355N,0302533.318E,3056.44,29.53,NO,,NO,,,,,,,,,,,,,,,,,,,,,,,,,,,,,
LTFC_360,LOW VOLTAGE MAST,POLE,375152.601N,0302532.290E,3057.20,29.53,NO,,NO,,,,,,,,,,,,,,,,,,,,,,,,,,,,,
LTFC_361,LOW VOLTAGE MAST,POLE,375150.841N,0302531.180E,3065.65,29.53,NO,,NO,,,,,,,,,,,,,,,,,,,,,,,,,,,,,
LTFC_362,LOW VOLTAGE MAST,POLE,375148.721N,0302529.899E,3076.05,29.53,NO,,NO,,,,,,,,,,,,,,,,,,,,,,,,,,,,,
LTFC_363,LOW VOLTAGE MAST,POLE,375147.340N,0302529.048E,3080.82,29.53,NO,,NO,,,,,,,,,,,,,,,,,,,,,,,,,,,,,
LTFC_364,LOW VOLTAGE MAST,POLE,375145.566N,0302528.030E,3083.35,29.53,NO,,NO,,,,,,,,,,,,,,,,,,,,,,,,,,,,,
LTFC_365,LOW VOLTAGE MAST,POLE,375143.836N,0302526.985E,3081.57,29.53,NO,,NO,,,,,,,,,,,,,,,,,,,,,,,,,,,,,
LTFC_366,LOW VOLTAGE MAST,POLE,375140.321N,0302524.905E,3080.67,29.53,NO,,NO,,,,,,,,,,,,,,,,,,,,,,,,,,,,,
LTFC_367,LOW VOLTAGE MAST,POLE,375202.234N,0302537.987E,3049.09,29.53,NO,,NO,,,,,,,,,,,,,,,,,,,,,,,,,,,,,
LTFC_368,LOW VOLTAGE MAST,POLE,375203.295N,0302538.615E,3054.44,29.53,NO,,NO,,,,,,,,,,,,,,,,,,,,,,,,,,,,,
LTFC_369,LOW VOLTAGE MAST,POLE,375204.242N,0302539.236E,3058.29,29.53,NO,,NO,,,,,,,,,,,,,,,,,,,,,,,,,,,,,
LTFC_370,LOW VOLTAGE MAST,POLE,375205.487N,0302539.797E,3052.92,29.53,NO,,NO,,,,,,,,,,,,,,,,,,,,,,,,,,,,,
LTFC_371,LOW VOLTAGE MAST,POLE,375208.711N,0302541.824E,3055.37,29.53,NO,,NO,,,,,,,,,,,,,,,,,,,,,,,,,,,,,
LTFC_372,LOW VOLTAGE MAST,POLE,375210.257N,0302542.742E,3058.49,29.53,NO,,NO,,,,,,,,,,,,,,,,,,,,,,,,,,,,,
LTFC_373,MEDIUM VOLTAGE MAST,POLE,375156.758N,0302626.073E,3461.24,82.02,NO,,NO,,,,,,,,,,,,,,,,,,,,,,,,,,,,,
LTFC_374,MEDIUM VOLTAGE MAST,POLE,375201.634N,0302653.279E,3392.71,82.02,NO,,NO,,,,,,,,,,,,,,,,,,,,,,,,,,,,,
LTFC_375,MEDIUM VOLTAGE MAST,POLE,375202.848N,0302700.313E,3418.82,82.02,NO,,NO,,,,,,,,,,,,,,,,,,,,,,,,,,,,,
LTFC_376,HIGH VOLTAGE MAST,POLE,374958.778N,0302353.052E,2993.53,98.42,NO,,NO,,,,,,,,,,,,,,,,,,,,,,,,,,,,,
LTFC_377,HIGH VOLTAGE MAST,POLE,374939.173N,0302346.366E,2980.06,98.42,NO,,NO,,,,,,,,,,,,,,,,,,,,,,,,,,,,,
LTFC_378,HIGH VOLTAGE MAST,POLE,375250.438N,0302428.729E,2994.69,98.42,NO,,NO,,,,,,,,,,,,,,,,,,,,,,,,,,,,,
LTFC_379,HIGH VOLTAGE MAST,POLE,375245.524N,0302431.682E,2995.85,98.42,NO,,NO,,,,,,,,,,,,,,,,,,,,,,,,,,,,,
LTFC_380,HIGH VOLTAGE MAST,POLE,375241.991N,0302433.644E,2995.28,98.42,NO,,NO,,,,,,,,,,,,,,,,,,,,,,,,,,,,,
LTFC_381,HIGH VOLTAGE MAST,POLE,375253.360N,0302422.629E,2994.48,98.42,NO,,NO,,,,,,,,,,,,,,,,,,,,,,,,,,,,,
LTFC_382,HIGH VOLTAGE MAST,POLE,375256.190N,0302416.201E,2993.22,98.42,NO,,NO,,,,,,,,,,,,,,,,,,,,,,,,,,,,,
LTFC_383,HIGH VOLTAGE MAST,POLE,375258.924N,0302410.276E,2998.68,98.42,NO,,NO,,,,,,,,,,,,,,,,,,,,,,,,,,,,,
LTFC_384,HIGH VOLTAGE MAST,POLE,375301.015N,0302405.572E,3005.87,98.42,NO,,NO,,,,,,,,,,,,,,,,,,,,,,,,,,,,,
LTFC_385,HIGH VOLTAGE MAST,POLE,375303.232N,0302400.730E,3010.66,98.42,NO,,NO,,,,,,,,,,,,,,,,,,,,,,,,,,,,,
LTFC_386,HIGH VOLTAGE MAST,POLE,375307.791N,0302351.883E,3011.45,98.42,NO,,NO,,,,,,,,,,,,,,,,,,,,,,,,,,,,,
LTFC_387,HIGH VOLTAGE MAST,POLE,375312.062N,0302343.200E,3000.91,98.42,NO,,NO,,,,,,,,,,,,,,,,,,,,,,,,,,,,,
LTFC_388,HIGH VOLTAGE MAST,POLE,375315.791N,0302335.690E,3008.23,98.42,NO,,NO,,,,,,,,,,,,,,,,,,,,,,,,,,,,,
LTFC_389,HIGH VOLTAGE MAST,POLE,375323.821N,0302325.857E,3050.95,98.42,NO,,NO,,,,,,,,,,,,,,,,,,,,,,,,,,,,,
LTFC_390,HIGH VOLTAGE MAST,POLE,375330.422N,0302317.574E,3078.88,98.42,NO,,NO,,,,,,,,,,,,,,,,,,,,,,,,,,,,,
LTFC_391,HIGH VOLTAGE MAST,POLE,375001.535N,0302427.397E,3087.86,98.42,NO,,NO,,,,,,,,,,,,,,,,,,,,,,,,,,,,,
LTFC_392,BUILDING,BUILDING,375750.357N,0302952.895E,3536.96,14.76,NO,,NO,,,,,,,,,,,,,,,,,,,,,,,,,,,,,
LTFC_393,BUILDING,BUILDING,375750.201N,0302953.708E,3533.49,14.76,NO,,NO,,,,,,,,,,,,,,,,,,,,,,,,,,,,,
LTFC_394,BUILDING,BUILDING,375749.923N,0302954.172E,3529.94,14.76,NO,,NO,,,,,,,,,,,,,,,,,,,,,,,,,,,,,
LTFC_395,BUILDING,BUILDING,375750.857N,0302944.038E,3535.36,14.76,NO,,NO,,,,,,,,,,,,,,,,,,,,,,,,,,,,,
LTFC_396,BUILDING,BUILDING,375750.647N,0302946.224E,3545.95,24.61,NO,,NO,,,,,,,,,,,,,,,,,,,,,,,,,,,,,
LTFC_397,BUILDING,BUILDING,375750.300N,0302946.075E,3542.77,24.61,NO,,NO,,,,,,,,,,,,,,,,,,,,,,,,,,,,,
LTFC_398,BUILDING,BUILDING,375749.733N,0302945.951E,3527.61,14.76,NO,,NO,,,,,,,,,,,,,,,,,,,,,,,,,,,,,
LTFC_399,LOW VOLTAGE MAST,POLE,375751.808N,0302925.919E,3566.23,49.21,NO,,NO,,,,,,,,,,,,,,,,,,,,,,,,,,,,,
LTFC_400,LOW VOLTAGE MAST,POLE,375751.595N,0302929.144E,3569.38,49.21,NO,,NO,,,,,,,,,,,,,,,,,,,,,,,,,,,,,
LTFC_401,LOW VOLTAGE MAST,POLE,375751.441N,0302932.914E,3561.90,49.21,NO,,NO,,,,,,,,,,,,,,,,,,,,,,,,,,,,,
LTFC_402,LOW VOLTAGE MAST,POLE,375751.077N,0302937.581E,3555.76,49.21,NO,,NO,,,,,,,,,,,,,,,,,,,,,,,,,,,,,
LTFC_403,LOW VOLTAGE MAST,POLE,375748.832N,0302940.923E,3547.30,49.21,NO,,NO,,,,,,,,,,,,,,,,,,,,,,,,,,,,,
LTFC_404,LOW VOLTAGE MAST,POLE,375746.818N,0302943.984E,3535.09,49.21,NO,,NO,,,,,,,,,,,,,,,,,,,,,,,,,,,,,
LTFC_405,HIGH VOLTAGE MAST,POLE,375336.430N,0302310.084E,3092.92,98.42,NO,,NO,,,,,,,,,,,,,,,,,,,,,,,,,,,,,
LTFC_406,HIGH VOLTAGE MAST,POLE,375342.218N,0302302.990E,3100.34,98.42,NO,,NO,,,,,,,,,,,,,,,,,,,,,,,,,,,,,
LTFC_407,HIGH VOLTAGE MAST,POLE,375347.307N,0302256.520E,3105.54,98.42,NO,,NO,,,,,,,,,,,,,,,,,,,,,,,,,,,,,
LTFC_408,GSM MAST,POLE,375355.110N,0302241.602E,3143.30,131.23,NO,,NO,,,,,,,,,,,,,,,,,,,,,,,,,,,,,
LTFC_409,HIGH VOLTAGE MAST,POLE,375347.825N,0302242.752E,3096.54,98.42,NO,,NO,,,,,,,,,,,,,,,,,,,,,,,,,,,,,
LTFC_410,HIGH VOLTAGE MAST,POLE,375348.272N,0302228.090E,3084.36,98.42,NO,,NO,,,,,,,,,,,,,,,,,,,,,,,,,,,,,
LTFC_411,HIGH VOLTAGE MAST,POLE,375348.744N,0302217.838E,3084.03,98.42,NO,,NO,,,,,,,,,,,,,,,,,,,,,,,,,,,,,
LTFC_412,HIGH VOLTAGE MAST,POLE,375349.039N,0302208.859E,3084.59,98.42,NO,,NO,,,,,,,,,,,,,,,,,,,,,,,,,,,,,
LTFC_413,HIGH VOLTAGE MAST,POLE,375349.286N,0302200.247E,3095.48,98.42,NO,,NO,,,,,,,,,,,,,,,,,,,,,,,,,,,,,
LTFC_414,HIGH VOLTAGE MAST,POLE,375349.657N,0302150.882E,3098.87,98.42,NO,,NO,,,,,,,,,,,,,,,,,,,,,,,,,,,,,
LTFC_415,HIGH VOLTAGE MAST,POLE,375350.090N,0302139.772E,3102.18,98.42,NO,,NO,,,,,,,,,,,,,,,,,,,,,,,,,,,,,
LTFC_416,HIGH VOLTAGE MAST,POLE,375350.498N,0302127.788E,3106.58,98.42,NO,,NO,,,,,,,,,,,,,,,,,,,,,,,,,,,,,
LTFC_417,LOW VOLTAGE MAST,POLE,375353.498N,0302227.769E,3032.47,32.81,NO,,NO,,,,,,,,,,,,,,,,,,,,,,,,,,,,,
LTFC_418,LOW VOLTAGE MAST,POLE,375355.806N,0302227.240E,3038.24,32.81,NO,,NO,,,,,,,,,,,,,,,,,,,,,,,,,,,,,
LTFC_419,LOW VOLTAGE MAST,POLE,375355.958N,0302231.019E,3040.24,32.81,NO,,NO,,,,,,,,,,,,,,,,,,,,,,,,,,,,,
LTFC_420,LOW VOLTAGE MAST,POLE,375356.215N,0302233.769E,3042.17,32.81,NO,,NO,,,,,,,,,,,,,,,,,,,,,,,,,,,,,
LTFC_421,LOW VOLTAGE MAST,POLE,375355.917N,0302234.706E,3041.87,32.81,NO,,NO,,,,,,,,,,,,,,,,,,,,,,,,,,,,,
LTFC_422,LOW VOLTAGE MAST,POLE,375356.140N,0302235.234E,3042.79,32.81,NO,,NO,,,,,,,,,,,,,,,,,,,,,,,,,,,,,
LTFC_423,LOW VOLTAGE MAST,POLE,375355.854N,0302237.631E,3043.81,32.81,NO,,NO,,,,,,,,,,,,,,,,,,,,,,,,,,,,,
LTFC_424,LOW VOLTAGE MAST,POLE,375355.862N,0302240.820E,3062.64,49.21,NO,,NO,,,,,,,,,,,,,,,,,,,,,,,,,,,,,
LTFC_425,LOW VOLTAGE MAST,POLE,375354.144N,0302241.016E,3058.95,49.21,NO,,NO,,,,,,,,,,,,,,,,,,,,,,,,,,,,,
LTFC_426,LOW VOLTAGE MAST,POLE,375358.354N,0302240.978E,3051.80,32.81,NO,,NO,,,,,,,,,,,,,,,,,,,,,,,,,,,,,
LTFC_427,LOW VOLTAGE MAST,POLE,375353.802N,0302247.471E,3043.93,32.81,NO,,NO,,,,,,,,,,,,,,,,,,,,,,,,,,,,,
LTFC_428,LOW VOLTAGE MAST,POLE,375354.596N,0302247.737E,3045.60,32.81,NO,,NO,,,,,,,,,,,,,,,,,,,,,,,,,,,,,
LTFC_429,LOW VOLTAGE MAST,POLE,375353.328N,0302247.335E,3042.94,32.81,NO,,NO,,,,,,,,,,,,,,,,,,,,,,,,,,,,,
LTFC_430,LOW VOLTAGE MAST,POLE,375352.851N,0302247.632E,3042.01,32.81,NO,,NO,,,,,,,,,,,,,,,,,,,,,,,,,,,,,
LTFC_431,LOW VOLTAGE MAST,POLE,375354.501N,0302251.928E,3049.20,32.81,NO,,NO,,,,,,,,,,,,,,,,,,,,,,,,,,,,,
LTFC_432,LOW VOLTAGE MAST,POLE,375353.128N,0302251.096E,3045.66,32.81,NO,,NO,,,,,,,,,,,,,,,,,,,,,,,,,,,,,
LTFC_433,LOW VOLTAGE MAST,POLE,375353.189N,0302249.086E,3043.93,32.81,NO,,NO,,,,,,,,,,,,,,,,,,,,,,,,,,,,,
LTFC_434,LOW VOLTAGE MAST,POLE,375354.475N,0302256.220E,3052.28,32.81,NO,,NO,,,,,,,,,,,,,,,,,,,,,,,,,,,,,
LTFC_435,LOW VOLTAGE MAST,POLE,375353.085N,0302253.147E,3047.91,32.81,NO,,NO,,,,,,,,,,,,,,,,,,,,,,,,,,,,,
LTFC_436,LOW VOLTAGE MAST,POLE,375354.410N,0302300.936E,3063.51,32.81,NO,,NO,,,,,,,,,,,,,,,,,,,,,,,,,,,,,
LTFC_437,LOW VOLTAGE MAST,POLE,375352.450N,0302304.559E,3064.15,32.81,NO,,NO,,,,,,,,,,,,,,,,,,,,,,,,,,,,,
LTFC_438,LOW VOLTAGE MAST,POLE,375353.883N,0302305.046E,3069.64,32.81,NO,,NO,,,,,,,,,,,,,,,,,,,,,,,,,,,,,
LTFC_439,LOW VOLTAGE MAST,POLE,375354.467N,0302306.125E,3072.59,32.81,NO,,NO,,,,,,,,,,,,,,,,,,,,,,,,,,,,,
LTFC_440,LOW VOLTAGE MAST,POLE,375355.403N,0302305.209E,3074.31,32.81,NO,,NO,,,,,,,,,,,,,,,,,,,,,,,,,,,,,
LTFC_441,LOW VOLTAGE MAST,POLE,375356.081N,0302307.394E,3079.93,32.81,NO,,NO,,,,,,,,,,,,,,,,,,,,,,,,,,,,,
LTFC_442,LOW VOLTAGE MAST,POLE,375356.353N,0302306.436E,3079.21,32.81,NO,,NO,,,,,,,,,,,,,,,,,,,,,,,,,,,,,
LTFC_443,LOW VOLTAGE MAST,POLE,375358.285N,0302306.702E,3085.19,32.81,NO,,NO,,,,,,,,,,,,,,,,,,,,,,,,,,,,,
LTFC_444,LOW VOLTAGE MAST,POLE,375358.438N,0302305.899E,3084.61,32.81,NO,,NO,,,,,,,,,,,,,,,,,,,,,,,,,,,,,
LTFC_445,LOW VOLTAGE MAST,POLE,375356.478N,0302305.596E,3078.37,32.81,NO,,NO,,,,,,,,,,,,,,,,,,,,,,,,,,,,,
LTFC_446,LOW VOLTAGE MAST,POLE,375356.475N,0302310.409E,3085.78,32.81,NO,,NO,,,,,,,,,,,,,,,,,,,,,,,,,,,,,
LTFC_447,LOW VOLTAGE MAST,POLE,375355.808N,0302312.650E,3086.49,32.81,NO,,NO,,,,,,,,,,,,,,,,,,,,,,,,,,,,,
LTFC_448,LOW VOLTAGE MAST,POLE,375355.536N,0302317.745E,3091.63,32.81,NO,,NO,,,,,,,,,,,,,,,,,,,,,,,,,,,,,
LTFC_449,LOW VOLTAGE MAST,POLE,375355.309N,0302321.070E,3095.54,32.81,NO,,NO,,,,,,,,,,,,,,,,,,,,,,,,,,,,,
LTFC_450,LOW VOLTAGE MAST,POLE,375355.073N,0302132.930E,3049.55,32.81,NO,,NO,,,,,,,,,,,,,,,,,,,,,,,,,,,,,
LTFC_451,LOW VOLTAGE MAST,POLE,375354.960N,0302137.073E,3047.97,32.81,NO,,NO,,,,,,,,,,,,,,,,,,,,,,,,,,,,,
LTFC_452,LOW VOLTAGE MAST,POLE,375354.838N,0302141.189E,3046.77,32.81,NO,,NO,,,,,,,,,,,,,,,,,,,,,,,,,,,,,
LTFC_453,LOW VOLTAGE MAST,POLE,375354.702N,0302145.300E,3045.34,32.81,NO,,NO,,,,,,,,,,,,,,,,,,,,,,,,,,,,,
LTFC_454,LOW VOLTAGE MAST,POLE,375354.592N,0302149.451E,3044.98,32.81,NO,,NO,,,,,,,,,,,,,,,,,,,,,,,,,,,,,
LTFC_455,LOW VOLTAGE MAST,POLE,375354.493N,0302153.507E,3044.99,32.81,NO,,NO,,,,,,,,,,,,,,,,,,,,,,,,,,,,,
LTFC_456,LOW VOLTAGE MAST,POLE,375354.368N,0302157.719E,3043.02,32.81,NO,,NO,,,,,,,,,,,,,,,,,,,,,,,,,,,,,
LTFC_457,LOW VOLTAGE MAST,POLE,375354.239N,0302201.885E,3039.91,32.81,NO,,NO,,,,,,,,,,,,,,,,,,,,,,,,,,,,,
LTFC_458,LOW VOLTAGE MAST,POLE,375354.096N,0302205.987E,3034.35,32.81,NO,,NO,,,,,,,,,,,,,,,,,,,,,,,,,,,,,
LTFC_459,LOW VOLTAGE MAST,POLE,375354.019N,0302210.252E,3029.18,32.81,NO,,NO,,,,,,,,,,,,,,,,,,,,,,,,,,,,,
LTFC_460,LOW VOLTAGE MAST,POLE,375353.872N,0302214.101E,3028.46,32.81,NO,,NO,,,,,,,,,,,,,,,,,,,,,,,,,,,,,
LTFC_461,LOW VOLTAGE MAST,POLE,375353.742N,0302218.565E,3031.08,32.81,NO,,NO,,,,,,,,,,,,,,,,,,,,,,,,,,,,,
LTFC_462,LOW VOLTAGE MAST,POLE,375353.595N,0302223.222E,3031.43,32.81,NO,,NO,,,,,,,,,,,,,,,,,,,,,,,,,,,,,
LTFC_463,LOW VOLTAGE MAST,POLE,375355.185N,0302128.554E,3050.78,32.81,NO,,NO,,,,,,,,,,,,,,,,,,,,,,,,,,,,,
LTFC_464,LOW VOLTAGE MAST,POLE,375355.286N,0302124.557E,3051.12,32.81,NO,,NO,,,,,,,,,,,,,,,,,,,,,,,,,,,,,
LTFC_465,LOW VOLTAGE MAST,POLE,375355.382N,0302120.420E,3051.09,32.81,NO,,NO,,,,,,,,,,,,,,,,,,,,,,,,,,,,,
LTFC_466,LOW VOLTAGE MAST,POLE,375355.499N,0302116.247E,3050.67,32.81,NO,,NO,,,,,,,,,,,,,,,,,,,,,,,,,,,,,
LTFC_467,HIGH VOLTAGE MAST,POLE,375307.038N,0301958.401E,3076.76,98.42,NO,,NO,,,,,,,,,,,,,,,,,,,,,,,,,,,,,
LTFC_468,HIGH VOLTAGE MAST,POLE,375259.850N,0302008.488E,3060.76,98.42,NO,,NO,,,,,,,,,,,,,,,,,,,,,,,,,,,,,
LTFC_469,HIGH VOLTAGE MAST,POLE,375251.934N,0302019.815E,3038.17,98.42,NO,,NO,,,,,,,,,,,,,,,,,,,,,,,,,,,,,
LTFC_470,HIGH VOLTAGE MAST,POLE,375244.348N,0302030.278E,3018.34,98.42,NO,,NO,,,,,,,,,,,,,,,,,,,,,,,,,,,,,
LTFC_471,HIGH VOLTAGE MAST,POLE,375236.931N,0302040.559E,3018.34,98.42,NO,,NO,,,,,,,,,,,,,,,,,,,,,,,,,,,,,
LTFC_472,HIGH VOLTAGE MAST,POLE,375229.894N,0302050.689E,3013.21,98.42,NO,,NO,,,,,,,,,,,,,,,,,,,,,,,,,,,,,
LTFC_473,GSM MAST,POLE,375224.092N,0301923.164E,3116.76,65.62,NO,,NO,,,,,,,,,,,,,,,,,,,,,,,,,,,,,
LTFC_474,MEDIUM VOLTAGE MAST,POLE,375113.773N,0301720.429E,3422.66,82.02,NO,,NO,,,,,,,,,,,,,,,,,,,,,,,,,,,,,
LTFC_475,LOW VOLTAGE MAST,POLE,375113.216N,0301720.783E,3438.18,98.42,NO,,NO,,,,,,,,,,,,,,,,,,,,,,,,,,,,,
LTFC_476,LOW VOLTAGE MAST,POLE,375113.633N,0301722.308E,3437.62,98.42,NO,,NO,,,,,,,,,,,,,,,,,,,,,,,,,,,,,
LTFC_477,LOW VOLTAGE MAST,POLE,375112.314N,0301718.535E,3438.80,98.42,NO,,NO,,,,,,,,,,,,,,,,,,,,,,,,,,,,,
LTFC_478,LOW VOLTAGE MAST,POLE,375111.650N,0301716.426E,3440.41,98.42,NO,,NO,,,,,,,,,,,,,,,,,,,,,,,,,,,,,
LTFC_479,LOW VOLTAGE MAST,POLE,375114.162N,0301723.964E,3436.51,98.42,NO,,NO,,,,,,,,,,,,,,,,,,,,,,,,,,,,,
LTFC_480,LOW VOLTAGE MAST,POLE,375115.509N,0301726.703E,3434.74,98.42,NO,,NO,,,,,,,,,,,,,,,,,,,,,,,,,,,,,
LTFC_481,LOW VOLTAGE MAST,POLE,375116.298N,0301728.467E,3433.59,98.42,NO,,NO,,,,,,,,,,,,,,,,,,,,,,,,,,,,,
LTFC_482,LOW VOLTAGE MAST,POLE,375117.372N,0301730.678E,3431.68,98.42,NO,,NO,,,,,,,,,,,,,,,,,,,,,,,,,,,,,
LTFC_483,LOW VOLTAGE MAST,POLE,375118.525N,0301732.978E,3430.63,98.42,NO,,NO,,,,,,,,,,,,,,,,,,,,,,,,,,,,,
LTFC_484,LOW VOLTAGE MAST,POLE,375119.480N,0301735.153E,3428.44,98.42,NO,,NO,,,,,,,,,,,,,,,,,,,,,,,,,,,,,
LTFC_485,LOW VOLTAGE MAST,POLE,375120.480N,0301737.293E,3428.44,98.42,NO,,NO,,,,,,,,,,,,,,,,,,,,,,,,,,,,,
LTFC_486,LOW VOLTAGE MAST,POLE,375121.502N,0301739.427E,3427.98,98.42,NO,,NO,,,,,,,,,,,,,,,,,,,,,,,,,,,,,
LTFC_487,LOW VOLTAGE MAST,POLE,375122.623N,0301741.794E,3417.87,98.42,NO,,NO,,,,,,,,,,,,,,,,,,,,,,,,,,,,,
LTFC_488,LOW VOLTAGE MAST,POLE,375124.456N,0301745.694E,3401.57,98.42,NO,,NO,,,,,,,,,,,,,,,,,,,,,,,,,,,,,
LTFC_489,LOW VOLTAGE MAST,POLE,375125.431N,0301747.786E,3395.63,98.42,NO,,NO,,,,,,,,,,,,,,,,,,,,,,,,,,,,,
LTFC_490,LOW VOLTAGE MAST,POLE,375126.522N,0301750.115E,3395.63,98.42,NO,,NO,,,,,,,,,,,,,,,,,,,,,,,,,,,,,
LTFC_491,LOW VOLTAGE MAST,POLE,375127.533N,0301752.158E,3376.43,98.42,NO,,NO,,,,,,,,,,,,,,,,,,,,,,,,,,,,,
LTFC_492,LOW VOLTAGE MAST,POLE,375128.523N,0301754.359E,3367.77,98.42,NO,,NO,,,,,,,,,,,,,,,,,,,,,,,,,,,,,
LTFC_493,LOW VOLTAGE MAST,POLE,375129.544N,0301756.341E,3364.17,98.42,NO,,NO,,,,,,,,,,,,,,,,,,,,,,,,,,,,,
LTFC_494,LOW VOLTAGE MAST,POLE,375130.490N,0301758.497E,3362.78,98.42,NO,,NO,,,,,,,,,,,,,,,,,,,,,,,,,,,,,
LTFC_495,LOW VOLTAGE MAST,POLE,375131.452N,0301800.282E,3353.26,98.42,NO,,NO,,,,,,,,,,,,,,,,,,,,,,,,,,,,,
LTFC_496,LOW VOLTAGE MAST,POLE,375132.239N,0301802.092E,3346.42,98.42,NO,,NO,,,,,,,,,,,,,,,,,,,,,,,,,,,,,
LTFC_497,LOW VOLTAGE MAST,POLE,375133.592N,0301805.095E,3313.61,98.42,NO,,NO,,,,,,,,,,,,,,,,,,,,,,,,,,,,,
LTFC_498,LOW VOLTAGE MAST,POLE,375135.573N,0301808.863E,3313.61,98.42,NO,,NO,,,,,,,,,,,,,,,,,,,,,,,,,,,,,
LTFC_499,LOW VOLTAGE MAST,POLE,375136.678N,0301811.634E,3313.61,98.42,NO,,NO,,,,,,,,,,,,,,,,,,,,,,,,,,,,,
LTFC_500,LOW VOLTAGE MAST,POLE,375137.761N,0301813.958E,3313.61,98.42,NO,,NO,,,,,,,,,,,,,,,,,,,,,,,,,,,,,
LTFC_501,LOW VOLTAGE MAST,POLE,375139.006N,0301816.603E,3313.61,98.42,NO,,NO,,,,,,,,,,,,,,,,,,,,,,,,,,,,,
LTFC_502,LOW VOLTAGE MAST,POLE,375141.770N,0301822.413E,3343.56,98.42,NO,,NO,,,,,,,,,,,,,,,,,,,,,,,,,,,,,
LTFC_503,LOW VOLTAGE MAST,POLE,375142.556N,0301824.146E,3346.32,98.42,NO,,NO,,,,,,,,,,,,,,,,,,,,,,,,,,,,,
LTFC_504,LOW VOLTAGE MAST,POLE,375143.507N,0301826.124E,3330.54,98.42,NO,,NO,,,,,,,,,,,,,,,,,,,,,,,,,,,,,
LTFC_505,MEDIUM VOLTAGE MAST,POLE,375144.522N,0301825.395E,3312.66,82.02,NO,,NO,,,,,,,,,,,,,,,,,,,,,,,,,,,,,
LTFC_506,MEDIUM VOLTAGE MAST,POLE,375144.788N,0301826.241E,3306.05,82.02,NO,,NO,,,,,,,,,,,,,,,,,,,,,,,,,,,,,
LTFC_507,LOW VOLTAGE MAST,POLE,375144.496N,0301828.310E,3313.54,98.42,NO,,NO,,,,,,,,,,,,,,,,,,,,,,,,,,,,,
LTFC_508,LOW VOLTAGE MAST,POLE,375145.793N,0301831.057E,3280.80,98.42,NO,,NO,,,,,,,,,,,,,,,,,,,,,,,,,,,,,
LTFC_509,LOW VOLTAGE MAST,POLE,375147.315N,0301834.244E,3267.86,98.42,NO,,NO,,,,,,,,,,,,,,,,,,,,,,,,,,,,,
LTFC_510,LOW VOLTAGE MAST,POLE,375147.949N,0301835.646E,3262.47,98.42,NO,,NO,,,,,,,,,,,,,,,,,,,,,,,,,,,,,
LTFC_511,LOW VOLTAGE MAST,POLE,375153.787N,0301847.858E,3198.78,98.42,NO,,NO,,,,,,,,,,,,,,,,,,,,,,,,,,,,,
LTFC_512,LOW VOLTAGE MAST,POLE,375151.471N,0301843.089E,3205.03,98.42,NO,,NO,,,,,,,,,,,,,,,,,,,,,,,,,,,,,
LTFC_513,LOW VOLTAGE MAST,POLE,375152.192N,0301844.497E,3199.11,98.42,NO,,NO,,,,,,,,,,,,,,,,,,,,,,,,,,,,,
LTFC_514,LOW VOLTAGE MAST,POLE,375154.679N,0301849.778E,3198.66,98.42,NO,,NO,,,,,,,,,,,,,,,,,,,,,,,,,,,,,
LTFC_515,LOW VOLTAGE MAST,POLE,375138.999N,0301858.754E,3087.45,32.81,NO,,NO,,,,,,,,,,,,,,,,,,,,,,,,,,,,,
LTFC_516,LOW VOLTAGE MAST,POLE,375141.046N,0301858.822E,3083.95,32.81,NO,,NO,,,,,,,,,,,,,,,,,,,,,,,,,,,,,
LTFC_517,LOW VOLTAGE MAST,POLE,375143.123N,0301858.851E,3083.95,32.81,NO,,NO,,,,,,,,,,,,,,,,,,,,,,,,,,,,,
LTFC_518,LOW VOLTAGE MAST,POLE,375145.208N,0301858.952E,3083.95,32.81,NO,,NO,,,,,,,,,,,,,,,,,,,,,,,,,,,,,
LTFC_519,LOW VOLTAGE MAST,POLE,375151.441N,0301859.147E,3100.36,32.81,NO,,NO,,,,,,,,,,,,,,,,,,,,,,,,,,,,,
LTFC_520,LOW VOLTAGE MAST,POLE,375342.657N,0302405.982E,3081.15,49.21,NO,,NO,,,,,,,,,,,,,,,,,,,,,,,,,,,,,
LTFC_521,MEDIUM VOLTAGE MAST,POLE,375342.806N,0302407.314E,3084.15,49.21,NO,,NO,,,,,,,,,,,,,,,,,,,,,,,,,,,,,
LTFC_522,LOW VOLTAGE MAST,POLE,375247.272N,0301921.416E,3081.02,49.21,NO,,NO,,,,,,,,,,,,,,,,,,,,,,,,,,,,,
LTFC_523,LOW VOLTAGE MAST,POLE,375245.384N,0301918.446E,3084.34,49.21,NO,,NO,,,,,,,,,,,,,,,,,,,,,,,,,,,,,
LTFC_524,LOW VOLTAGE MAST,POLE,375243.274N,0301914.998E,3088.34,49.21,NO,,NO,,,,,,,,,,,,,,,,,,,,,,,,,,,,,
LTFC_525,MEDIUM VOLTAGE MAST,POLE,375354.776N,0302347.577E,3247.99,82.02,NO,,NO,,,,,,,,,,,,,,,,,,,,,,,,,,,,,
LTFC_526,LOW VOLTAGE MAST,POLE,375353.828N,0302347.904E,3198.52,49.21,NO,,NO,,,,,,,,,,,,,,,,,,,,,,,,,,,,,
LTFC_527,LOW VOLTAGE MAST,POLE,375353.934N,0302346.226E,3177.51,49.21,NO,,NO,,,,,,,,,,,,,,,,,,,,,,,,,,,,,
LTFC_528,LOW VOLTAGE MAST,POLE,375353.851N,0302350.197E,3184.74,49.21,NO,,NO,,,,,,,,,,,,,,,,,,,,,,,,,,,,,
LTFC_529,LOW VOLTAGE MAST,POLE,375353.497N,0302350.039E,3184.10,49.21,NO,,NO,,,,,,,,,,,,,,,,,,,,,,,,,,,,,
LTFC_530,LOW VOLTAGE MAST,POLE,375356.650N,0302347.336E,3198.67,49.21,NO,,NO,,,,,,,,,,,,,,,,,,,,,,,,,,,,,
LTFC_531,LOW VOLTAGE MAST,POLE,375354.841N,0302347.166E,3212.64,49.21,NO,,NO,,,,,,,,,,,,,,,,,,,,,,,,,,,,,
LTFC_532,LOW VOLTAGE MAST,POLE,375342.867N,0302404.381E,3080.94,49.21,NO,,NO,,,,,,,,,,,,,,,,,,,,,,,,,,,,,
LTFC_533,LOW VOLTAGE MAST,POLE,375346.321N,0302406.979E,3096.83,49.21,NO,,NO,,,,,,,,,,,,,,,,,,,,,,,,,,,,,
LTFC_534,LOW VOLTAGE MAST,POLE,375350.229N,0302406.578E,3112.50,49.21,NO,,NO,,,,,,,,,,,,,,,,,,,,,,,,,,,,,
LTFC_535,LOW VOLTAGE MAST,POLE,375351.517N,0302357.289E,3121.02,49.21,NO,,NO,,,,,,,,,,,,,,,,,,,,,,,,,,,,,
LTFC_536,LOW VOLTAGE MAST,POLE,375353.382N,0302358.330E,3127.69,49.21,NO,,NO,,,,,,,,,,,,,,,,,,,,,,,,,,,,,
LTFC_537,LOW VOLTAGE MAST,POLE,375353.376N,0302400.363E,3127.05,49.21,NO,,NO,,,,,,,,,,,,,,,,,,,,,,,,,,,,,
LTFC_538,LOW VOLTAGE MAST,POLE,375353.338N,0302402.366E,3126.17,49.21,NO,,NO,,,,,,,,,,,,,,,,,,,,,,,,,,,,,
LTFC_539,LOW VOLTAGE MAST,POLE,375354.273N,0302401.317E,3130.22,49.21,NO,,NO,,,,,,,,,,,,,,,,,,,,,,,,,,,,,
LTFC_540,LOW VOLTAGE MAST,POLE,375353.285N,0302406.397E,3125.88,49.21,NO,,NO,,,,,,,,,,,,,,,,,,,,,,,,,,,,,
LTFC_541,LOW VOLTAGE MAST,POLE,375353.160N,0302412.570E,3128.27,49.21,NO,,NO,,,,,,,,,,,,,,,,,,,,,,,,,,,,,
LTFC_542,LOW VOLTAGE MAST,POLE,375353.117N,0302414.623E,3132.47,49.21,NO,,NO,,,,,,,,,,,,,,,,,,,,,,,,,,,,,
LTFC_543,LOW VOLTAGE MAST,POLE,375353.100N,0302416.624E,3136.37,49.21,NO,,NO,,,,,,,,,,,,,,,,,,,,,,,,,,,,,
LTFC_544,LOW VOLTAGE MAST,POLE,375352.582N,0302420.681E,3143.46,49.21,NO,,NO,,,,,,,,,,,,,,,,,,,,,,,,,,,,,
LTFC_545,LOW VOLTAGE MAST,POLE,375352.873N,0302418.627E,3140.09,49.21,NO,,NO,,,,,,,,,,,,,,,,,,,,,,,,,,,,,
LTFC_546,LOW VOLTAGE MAST,POLE,375354.767N,0302416.977E,3142.40,49.21,NO,,NO,,,,,,,,,,,,,,,,,,,,,,,,,,,,,
LTFC_547,LOW VOLTAGE MAST,POLE,375354.984N,0302421.871E,3153.45,49.21,NO,,NO,,,,,,,,,,,,,,,,,,,,,,,,,,,,,
LTFC_548,LOW VOLTAGE MAST,POLE,375352.118N,0302424.745E,3146.96,49.21,NO,,NO,,,,,,,,,,,,,,,,,,,,,,,,,,,,,
LTFC_549,LOW VOLTAGE MAST,POLE,375352.378N,0302422.708E,3145.84,49.21,NO,,NO,,,,,,,,,,,,,,,,,,,,,,,,,,,,,
LTFC_550,LOW VOLTAGE MAST,POLE,375351.913N,0302426.727E,3143.63,49.21,NO,,NO,,,,,,,,,,,,,,,,,,,,,,,,,,,,,
LTFC_551,LOW VOLTAGE MAST,POLE,375353.628N,0302344.091E,3155.17,49.21,NO,,NO,,,,,,,,,,,,,,,,,,,,,,,,,,,,,
LTFC_552,LOW VOLTAGE MAST,POLE,375353.773N,0302340.675E,3137.20,49.21,NO,,NO,,,,,,,,,,,,,,,,,,,,,,,,,,,,,
LTFC_553,LOW VOLTAGE MAST,POLE,375354.425N,0302337.002E,3129.37,49.21,NO,,NO,,,,,,,,,,,,,,,,,,,,,,,,,,,,,
LTFC_554,LOW VOLTAGE MAST,POLE,375354.871N,0302329.810E,3117.66,49.21,NO,,NO,,,,,,,,,,,,,,,,,,,,,,,,,,,,,
LTFC_555,MEDIUM VOLTAGE MAST,POLE,375354.132N,0302325.490E,3143.60,82.02,NO,,NO,,,,,,,,,,,,,,,,,,,,,,,,,,,,,
LTFC_556,LOW VOLTAGE MAST,POLE,375353.374N,0302325.717E,3107.73,49.21,NO,,NO,,,,,,,,,,,,,,,,,,,,,,,,,,,,,
LTFC_557,LOW VOLTAGE MAST,POLE,375353.332N,0302323.671E,3107.79,49.21,NO,,NO,,,,,,,,,,,,,,,,,,,,,,,,,,,,,
LTFC_558,LOW VOLTAGE MAST,POLE,375353.028N,0302319.617E,3087.32,32.81,NO,,NO,,,,,,,,,,,,,,,,,,,,,,,,,,,,,
LTFC_559,LOW VOLTAGE MAST,POLE,375352.782N,0302315.547E,3080.74,32.81,NO,,NO,,,,,,,,,,,,,,,,,,,,,,,,,,,,,
LTFC_560,LOW VOLTAGE MAST,POLE,375352.631N,0302313.507E,3076.66,32.81,NO,,NO,,,,,,,,,,,,,,,,,,,,,,,,,,,,,
LTFC_561,LOW VOLTAGE MAST,POLE,375352.601N,0302309.429E,3070.83,32.81,NO,,NO,,,,,,,,,,,,,,,,,,,,,,,,,,,,,
LTFC_562,LOW VOLTAGE MAST,POLE,375352.499N,0302311.496E,3073.36,32.81,NO,,NO,,,,,,,,,,,,,,,,,,,,,,,,,,,,,
LTFC_563,LOW VOLTAGE MAST,POLE,375352.607N,0302307.425E,3068.73,32.81,NO,,NO,,,,,,,,,,,,,,,,,,,,,,,,,,,,,
LTFC_564,LOW VOLTAGE MAST,POLE,375352.799N,0302303.285E,3063.16,32.81,NO,,NO,,,,,,,,,,,,,,,,,,,,,,,,,,,,,
LTFC_565,LOW VOLTAGE MAST,POLE,375352.901N,0302301.251E,3060.03,32.81,NO,,NO,,,,,,,,,,,,,,,,,,,,,,,,,,,,,
LTFC_566,LOW VOLTAGE MAST,POLE,375352.961N,0302259.226E,3056.30,32.81,NO,,NO,,,,,,,,,,,,,,,,,,,,,,,,,,,,,
LTFC_567,LOW VOLTAGE MAST,POLE,375353.036N,0302255.173E,3049.67,32.81,NO,,NO,,,,,,,,,,,,,,,,,,,,,,,,,,,,,
LTFC_568,LOW VOLTAGE MAST,POLE,375353.016N,0302257.201E,3051.49,32.81,NO,,NO,,,,,,,,,,,,,,,,,,,,,,,,,,,,,
LTFC_569,GSM MAST,POLE,375336.505N,0302516.973E,3244.17,180.44,NO,,NO,,,,,,,,,,,,,,,,,,,,,,,,,,,,,
LTFC_570,LOW VOLTAGE MAST,POLE,375336.707N,0302517.132E,3115.19,52.49,NO,,NO,,,,,,,,,,,,,,,,,,,,,,,,,,,,,
LTFC_571,BUILDING,BUILDING,375410.076N,0302510.652E,3348.06,34.45,NO,,NO,,,,,,,,,,,,,,,,,,,,,,,,,,,,,
LTFC_572,BUILDING,BUILDING,375412.227N,0302511.730E,3372.60,34.45,NO,,NO,,,,,,,,,,,,,,,,,,,,,,,,,,,,,
LTFC_573,BUILDING,BUILDING,375751.253N,0303000.487E,3536.96,14.76,NO,,NO,,,,,,,,,,,,,,,,,,,,,,,,,,,,,
LTFC_574,BUILDING,BUILDING,375750.665N,0302944.096E,3533.72,14.76,NO,,NO,,,,,,,,,,,,,,,,,,,,,,,,,,,,,
LTFC_575,LOW VOLTAGE MAST,POLE,375147.467N,0301727.033E,3403.67,32.81,NO,,NO,,,,,,,,,,,,,,,,,,,,,,,,,,,,,
LTFC_576,HIGH VOLTAGE MAST,POLE,375144.755N,0301826.239E,3322.65,98.42,NO,,NO,,,,,,,,,,,,,,,,,,,,,,,,,,,,,
LTFC_577,MEDIUM VOLTAGE MAST,POLE,375144.523N,0301825.394E,3312.67,82.02,NO,,NO,,,,,,,,,,,,,,,,,,,,,,,,,,,,,
LTFC_578,MEDIUM VOLTAGE MAST,POLE,375149.696N,0301819.261E,3296.90,82.02,NO,,NO,,,,,,,,,,,,,,,,,,,,,,,,,,,,,
LTFC_579,GSM MAST,POLE,375224.084N,0301922.971E,3182.38,131.23,NO,,NO,,,,,,,,,,,,,,,,,,,,,,,,,,,,,
LTFC_580,LOW VOLTAGE MAST,POLE,375153.267N,0301819.499E,3237.94,49.21,NO,,NO,,,,,,,,,,,,,,,,,,,,,,,,,,,,,
LTFC_581,LOW VOLTAGE MAST,POLE,375147.696N,0301732.448E,3365.58,32.81,NO,,NO,,,,,,,,,,,,,,,,,,,,,,,,,,,,,
LTFC_582,LOW VOLTAGE MAST,POLE,375150.283N,0301737.826E,3330.24,32.81,NO,,NO,,,,,,,,,,,,,,,,,,,,,,,,,,,,,
LTFC_583,LOW VOLTAGE MAST,POLE,375152.733N,0301742.784E,3287.02,32.81,NO,,NO,,,,,,,,,,,,,,,,,,,,,,,,,,,,,
LTFC_584,LOW VOLTAGE MAST,POLE,375157.292N,0301816.669E,3201.10,49.21,NO,,NO,,,,,,,,,,,,,,,,,,,,,,,,,,,,,
LTFC_585,LOW VOLTAGE MAST,POLE,375146.666N,0301832.533E,3275.87,98.42,NO,,NO,,,,,,,,,,,,,,,,,,,,,,,,,,,,,
LTFC_586,LOW VOLTAGE MAST,POLE,375148.846N,0301836.986E,3254.52,98.42,NO,,NO,,,,,,,,,,,,,,,,,,,,,,,,,,,,,
LTFC_587,MEDIUM VOLTAGE MAST,POLE,375135.405N,0301858.878E,3105.13,49.21,NO,,NO,,,,,,,,,,,,,,,,,,,,,,,,,,,,,
LTFC_588,MEDIUM VOLTAGE MAST,POLE,375135.448N,0301901.257E,3095.52,49.21,NO,,NO,,,,,,,,,,,,,,,,,,,,,,,,,,,,,
LTFC_589,BUILDING,BUILDING,375139.547N,0301902.987E,3079.62,34.45,NO,,NO,,,,,,,,,,,,,,,,,,,,,,,,,,,,,
LTFC_590,BUILDING,BUILDING,375212.707N,0301854.558E,3114.68,34.45,NO,,NO,,,,,,,,,,,,,,,,,,,,,,,,,,,,,
LTFC_591,BUILDING,BUILDING,375227.071N,0301905.072E,3093.19,34.45,NO,,NO,,,,,,,,,,,,,,,,,,,,,,,,,,,,,
LTFC_592,BUILDING,BUILDING,375227.124N,0301901.613E,3075.41,14.76,NO,,NO,,,,,,,,,,,,,,,,,,,,,,,,,,,,,
LTFC_593,BUILDING,BUILDING,375227.220N,0301901.841E,3075.16,14.76,NO,,NO,,,,,,,,,,,,,,,,,,,,,,,,,,,,,
LTFC_594,BUILDING,BUILDING,375226.572N,0301902.042E,3095.06,34.45,NO,,NO,,,,,,,,,,,,,,,,,,,,,,,,,,,,,
LTFC_595,BUILDING,BUILDING,375227.781N,0301904.115E,3093.08,34.45,NO,,NO,,,,,,,,,,,,,,,,,,,,,,,,,,,,,
LTFC_596,BUILDING,BUILDING,375227.827N,0301902.960E,3083.79,24.61,NO,,NO,,,,,,,,,,,,,,,,,,,,,,,,,,,,,
LTFC_597,BUILDING,BUILDING,375227.693N,0301902.544E,3074.38,14.76,NO,,NO,,,,,,,,,,,,,,,,,,,,,,,,,,,,,
LTFC_598,BUILDING,BUILDING,375227.573N,0301902.139E,3074.69,14.76,NO,,NO,,,,,,,,,,,,,,,,,,,,,,,,,,,,,
LTFC_599,BUILDING,BUILDING,375227.807N,0301901.783E,3074.84,14.76,NO,,NO,,,,,,,,,,,,,,,,,,,,,,,,,,,,,
LTFC_600,BUILDING,BUILDING,375228.545N,0301901.951E,3093.75,34.45,NO,,NO,,,,,,,,,,,,,,,,,,,,,,,,,,,,,
LTFC_601,BUILDING,BUILDING,375228.601N,0301902.468E,3073.73,14.76,NO,,NO,,,,,,,,,,,,,,,,,,,,,,,,,,,,,
LTFC_602,BUILDING,BUILDING,375228.430N,0301902.604E,3073.74,14.76,NO,,NO,,,,,,,,,,,,,,,,,,,,,,,,,,,,,
LTFC_603,BUILDING,BUILDING,375228.664N,0301902.851E,3083.21,24.61,NO,,NO,,,,,,,,,,,,,,,,,,,,,,,,,,,,,
LTFC_604,BUILDING,BUILDING,375228.634N,0301903.240E,3082.90,24.61,NO,,NO,,,,,,,,,,,,,,,,,,,,,,,,,,,,,
LTFC_605,BUILDING,BUILDING,375228.563N,0301903.599E,3082.64,24.61,NO,,NO,,,,,,,,,,,,,,,,,,,,,,,,,,,,,
LTFC_606,BUILDING,BUILDING,375228.167N,0301903.007E,3073.71,14.76,NO,,NO,,,,,,,,,,,,,,,,,,,,,,,,,,,,,
LTFC_607,BUILDING,BUILDING,375228.593N,0301903.936E,3072.50,14.76,NO,,NO,,,,,,,,,,,,,,,,,,,,,,,,,,,,,
LTFC_608,BUILDING,BUILDING,375228.220N,0301903.758E,3073.04,14.76,NO,,NO,,,,,,,,,,,,,,,,,,,,,,,,,,,,,
LTFC_609,BUILDING,BUILDING,375229.034N,0301904.897E,3081.38,24.61,NO,,NO,,,,,,,,,,,,,,,,,,,,,,,,,,,,,
LTFC_610,BUILDING,BUILDING,375229.195N,0301905.520E,3081.09,24.61,NO,,NO,,,,,,,,,,,,,,,,,,,,,,,,,,,,,
LTFC_611,BUILDING,BUILDING,375227.341N,0301906.785E,3092.20,34.45,NO,,NO,,,,,,,,,,,,,,,,,,,,,,,,,,,,,
LTFC_612,BUILDING,BUILDING,375226.343N,0301907.562E,3092.80,34.45,NO,,NO,,,,,,,,,,,,,,,,,,,,,,,,,,,,,
LTFC_613,BUILDING,BUILDING,375226.086N,0301859.900E,3087.26,24.61,NO,,NO,,,,,,,,,,,,,,,,,,,,,,,,,,,,,
LTFC_614,BUILDING,BUILDING,375227.104N,0301859.942E,3086.36,24.61,NO,,NO,,,,,,,,,,,,,,,,,,,,,,,,,,,,,
LTFC_615,BUILDING,BUILDING,375226.697N,0301900.631E,3086.31,24.61,NO,,NO,,,,,,,,,,,,,,,,,,,,,,,,,,,,,
LTFC_616,BUILDING,BUILDING,375228.408N,0301902.917E,3073.50,14.76,NO,,NO,,,,,,,,,,,,,,,,,,,,,,,,,,,,,
LTFC_617,BUILDING,BUILDING,375227.933N,0301903.374E,3073.54,14.76,NO,,NO,,,,,,,,,,,,,,,,,,,,,,,,,,,,,
LTFC_618,BUILDING,BUILDING,375228.534N,0301902.200E,3073.93,14.76,NO,,NO,,,,,,,,,,,,,,,,,,,,,,,,,,,,,
LTFC_619,BUILDING,BUILDING,375228.266N,0301901.835E,3074.48,14.76,NO,,NO,,,,,,,,,,,,,,,,,,,,,,,,,,,,,
LTFC_620,BUILDING,BUILDING,375228.274N,0301902.156E,3074.27,14.76,NO,,NO,,,,,,,,,,,,,,,,,,,,,,,,,,,,,
LTFC_621,BUILDING,BUILDING,375228.211N,0301903.450E,3073.31,14.76,NO,,NO,,,,,,,,,,,,,,,,,,,,,,,,,,,,,
LTFC_622,BUILDING,BUILDING,375227.793N,0301900.707E,3095.29,34.45,NO,,NO,,,,,,,,,,,,,,,,,,,,,,,,,,,,,
LTFC_623,BUILDING,BUILDING,375227.743N,0301900.142E,3075.79,14.76,NO,,NO,,,,,,,,,,,,,,,,,,,,,,,,,,,,,
LTFC_624,BUILDING,BUILDING,375228.473N,0301900.757E,3094.56,34.45,NO,,NO,,,,,,,,,,,,,,,,,,,,,,,,,,,,,
LTFC_625,BUILDING,BUILDING,375228.559N,0301900.163E,3074.96,14.76,NO,,NO,,,,,,,,,,,,,,,,,,,,,,,,,,,,,
LTFC_626,BUILDING,BUILDING,375228.554N,0301859.500E,3085.11,24.61,NO,,NO,,,,,,,,,,,,,,,,,,,,,,,,,,,,,
LTFC_627,BUILDING,BUILDING,375228.288N,0301900.088E,3075.33,14.76,NO,,NO,,,,,,,,,,,,,,,,,,,,,,,,,,,,,
LTFC_628,BUILDING,BUILDING,375227.894N,0301901.184E,3075.21,14.76,NO,,NO,,,,,,,,,,,,,,,,,,,,,,,,,,,,,
LTFC_629,BUILDING,BUILDING,375228.088N,0301900.004E,3075.53,14.76,NO,,NO,,,,,,,,,,,,,,,,,,,,,,,,,,,,,
LTFC_630,BUILDING,BUILDING,375226.571N,0301859.747E,3077.13,14.76,NO,,NO,,,,,,,,,,,,,,,,,,,,,,,,,,,,,
LTFC_631,BUILDING,BUILDING,375226.941N,0301900.322E,3076.51,14.76,NO,,NO,,,,,,,,,,,,,,,,,,,,,,,,,,,,,
LTFC_632,BUILDING,BUILDING,375226.263N,0301858.824E,3087.33,24.61,NO,,NO,,,,,,,,,,,,,,,,,,,,,,,,,,,,,
LTFC_633,BUILDING,BUILDING,375225.325N,0301858.785E,3078.51,14.76,NO,,NO,,,,,,,,,,,,,,,,,,,,,,,,,,,,,
LTFC_634,BUILDING,BUILDING,375224.539N,0301857.658E,3089.45,24.61,NO,,NO,,,,,,,,,,,,,,,,,,,,,,,,,,,,,
LTFC_635,BUILDING,BUILDING,375214.562N,0301839.414E,3114.36,24.61,NO,,NO,,,,,,,,,,,,,,,,,,,,,,,,,,,,,
LTFC_636,BUILDING,BUILDING,375218.184N,0301843.306E,3113.47,34.45,NO,,NO,,,,,,,,,,,,,,,,,,,,,,,,,,,,,
LTFC_637,BUILDING,BUILDING,375217.585N,0301844.260E,3098.94,14.76,NO,,NO,,,,,,,,,,,,,,,,,,,,,,,,,,,,,
LTFC_638,BUILDING,BUILDING,375218.042N,0301844.594E,3106.78,24.61,NO,,NO,,,,,,,,,,,,,,,,,,,,,,,,,,,,,
LTFC_639,BUILDING,BUILDING,375220.066N,0301844.257E,3094.71,24.61,NO,,NO,,,,,,,,,,,,,,,,,,,,,,,,,,,,,
LTFC_640,BUILDING,BUILDING,375219.644N,0301845.681E,3095.57,24.61,NO,,NO,,,,,,,,,,,,,,,,,,,,,,,,,,,,,
LTFC_641,BUILDING,BUILDING,375219.320N,0301846.188E,3088.33,14.76,NO,,NO,,,,,,,,,,,,,,,,,,,,,,,,,,,,,
LTFC_642,BUILDING,BUILDING,375218.981N,0301846.146E,3091.43,14.76,NO,,NO,,,,,,,,,,,,,,,,,,,,,,,,,,,,,
LTFC_643,BUILDING,BUILDING,375218.826N,0301845.732E,3093.26,14.76,NO,,NO,,,,,,,,,,,,,,,,,,,,,,,,,,,,,
LTFC_644,BUILDING,BUILDING,375219.091N,0301845.126E,3090.26,14.76,NO,,NO,,,,,,,,,,,,,,,,,,,,,,,,,,,,,
LTFC_645,BUILDING,BUILDING,375218.991N,0301845.386E,3091.50,14.76,NO,,NO,,,,,,,,,,,,,,,,,,,,,,,,,,,,,
LTFC_646,BUILDING,BUILDING,375218.759N,0301845.080E,3102.57,24.61,NO,,NO,,,,,,,,,,,,,,,,,,,,,,,,,,,,,
LTFC_647,BUILDING,BUILDING,375218.488N,0301845.528E,3095.63,14.76,NO,,NO,,,,,,,,,,,,,,,,,,,,,,,,,,,,,
LTFC_648,BUILDING,BUILDING,375218.335N,0301844.941E,3095.73,14.76,NO,,NO,,,,,,,,,,,,,,,,,,,,,,,,,,,,,
LTFC_649,BUILDING,BUILDING,375225.069N,0301856.595E,3098.92,34.45,NO,,NO,,,,,,,,,,,,,,,,,,,,,,,,,,,,,
LTFC_650,BUILDING,BUILDING,375225.450N,0301856.542E,3088.75,24.61,NO,,NO,,,,,,,,,,,,,,,,,,,,,,,,,,,,,
LTFC_651,BUILDING,BUILDING,375224.660N,0301856.628E,3089.50,24.61,NO,,NO,,,,,,,,,,,,,,,,,,,,,,,,,,,,,
LTFC_652,BUILDING,BUILDING,375225.797N,0301856.223E,3088.34,24.61,NO,,NO,,,,,,,,,,,,,,,,,,,,,,,,,,,,,
LTFC_653,BUILDING,BUILDING,375225.945N,0301856.997E,3088.11,24.61,NO,,NO,,,,,,,,,,,,,,,,,,,,,,,,,,,,,
LTFC_654,BUILDING,BUILDING,375225.894N,0301856.599E,3078.43,14.76,NO,,NO,,,,,,,,,,,,,,,,,,,,,,,,,,,,,
LTFC_655,BUILDING,BUILDING,375226.264N,0301856.537E,3087.84,24.61,NO,,NO,,,,,,,,,,,,,,,,,,,,,,,,,,,,,
LTFC_656,BUILDING,BUILDING,375226.351N,0301856.196E,3087.71,24.61,NO,,NO,,,,,,,,,,,,,,,,,,,,,,,,,,,,,
LTFC_657,BUILDING,BUILDING,375226.640N,0301856.198E,3087.37,24.61,NO,,NO,,,,,,,,,,,,,,,,,,,,,,,,,,,,,
LTFC_658,BUILDING,BUILDING,375227.045N,0301856.273E,3096.76,34.45,NO,,NO,,,,,,,,,,,,,,,,,,,,,,,,,,,,,
LTFC_659,BUILDING,BUILDING,375227.377N,0301856.201E,3096.57,34.45,NO,,NO,,,,,,,,,,,,,,,,,,,,,,,,,,,,,
LTFC_660,BUILDING,BUILDING,375226.577N,0301856.632E,3077.64,14.76,NO,,NO,,,,,,,,,,,,,,,,,,,,,,,,,,,,,
LTFC_661,BUILDING,BUILDING,375226.526N,0301856.981E,3077.73,14.76,NO,,NO,,,,,,,,,,,,,,,,,,,,,,,,,,,,,
LTFC_662,BUILDING,BUILDING,375226.331N,0301857.094E,3077.94,14.76,NO,,NO,,,,,,,,,,,,,,,,,,,,,,,,,,,,,
LTFC_663,BUILDING,BUILDING,375226.794N,0301856.656E,3077.39,14.76,NO,,NO,,,,,,,,,,,,,,,,,,,,,,,,,,,,,
LTFC_664,BUILDING,BUILDING,375226.121N,0301857.306E,3077.99,14.76,NO,,NO,,,,,,,,,,,,,,,,,,,,,,,,,,,,,
LTFC_665,BUILDING,BUILDING,375226.454N,0301857.411E,3077.67,14.76,NO,,NO,,,,,,,,,,,,,,,,,,,,,,,,,,,,,
LTFC_666,BUILDING,BUILDING,375226.927N,0301857.860E,3096.78,34.45,NO,,NO,,,,,,,,,,,,,,,,,,,,,,,,,,,,,
LTFC_667,BUILDING,BUILDING,375226.499N,0301857.936E,3087.38,24.61,NO,,NO,,,,,,,,,,,,,,,,,,,,,,,,,,,,,
LTFC_668,BUILDING,BUILDING,375227.500N,0301857.875E,3086.49,24.61,NO,,NO,,,,,,,,,,,,,,,,,,,,,,,,,,,,,
LTFC_669,BUILDING,BUILDING,375227.538N,0301857.337E,3076.59,14.76,NO,,NO,,,,,,,,,,,,,,,,,,,,,,,,,,,,,
LTFC_670,BUILDING,BUILDING,375227.195N,0301857.186E,3076.97,14.76,NO,,NO,,,,,,,,,,,,,,,,,,,,,,,,,,,,,
LTFC_671,BUILDING,BUILDING,375227.078N,0301856.683E,3077.06,14.76,NO,,NO,,,,,,,,,,,,,,,,,,,,,,,,,,,,,
LTFC_672,BUILDING,BUILDING,375226.832N,0301857.015E,3077.38,14.76,NO,,NO,,,,,,,,,,,,,,,,,,,,,,,,,,,,,
LTFC_673,BUILDING,BUILDING,375228.523N,0301857.055E,3085.42,24.61,NO,,NO,,,,,,,,,,,,,,,,,,,,,,,,,,,,,
LTFC_674,BUILDING,BUILDING,375228.645N,0301856.592E,3085.77,24.61,NO,,NO,,,,,,,,,,,,,,,,,,,,,,,,,,,,,
LTFC_675,BUILDING,BUILDING,375228.246N,0301856.357E,3086.24,24.61,NO,,NO,,,,,,,,,,,,,,,,,,,,,,,,,,,,,
LTFC_676,BUILDING,BUILDING,375227.916N,0301856.343E,3086.42,24.61,NO,,NO,,,,,,,,,,,,,,,,,,,,,,,,,,,,,
LTFC_677,BUILDING,BUILDING,375225.553N,0301857.850E,3088.38,24.61,NO,,NO,,,,,,,,,,,,,,,,,,,,,,,,,,,,,
LTFC_678,BUILDING,BUILDING,375225.165N,0301857.894E,3078.92,14.76,NO,,NO,,,,,,,,,,,,,,,,,,,,,,,,,,,,,
LTFC_679,BUILDING,BUILDING,375225.090N,0301857.301E,3079.13,14.76,NO,,NO,,,,,,,,,,,,,,,,,,,,,,,,,,,,,
LTFC_680,BUILDING,BUILDING,375225.154N,0301858.252E,3078.79,14.76,NO,,NO,,,,,,,,,,,,,,,,,,,,,,,,,,,,,
LTFC_681,BUILDING,BUILDING,375225.054N,0301857.582E,3079.10,14.76,NO,,NO,,,,,,,,,,,,,,,,,,,,,,,,,,,,,
LTFC_682,BUILDING,BUILDING,375225.037N,0301857.009E,3079.21,14.76,NO,,NO,,,,,,,,,,,,,,,,,,,,,,,,,,,,,
LTFC_683,BUILDING,BUILDING,375224.736N,0301857.093E,3079.53,14.76,NO,,NO,,,,,,,,,,,,,,,,,,,,,,,,,,,,,
LTFC_684,BUILDING,BUILDING,375224.540N,0301857.083E,3079.74,14.76,NO,,NO,,,,,,,,,,,,,,,,,,,,,,,,,,,,,
LTFC_685,BUILDING,BUILDING,375225.515N,0301857.407E,3088.50,24.61,NO,,NO,,,,,,,,,,,,,,,,,,,,,,,,,,,,,
LTFC_686,BUILDING,BUILDING,375225.521N,0301856.910E,3078.72,14.76,NO,,NO,,,,,,,,,,,,,,,,,,,,,,,,,,,,,
LTFC_687,BUILDING,BUILDING,375225.912N,0301857.732E,3088.04,24.61,NO,,NO,,,,,,,,,,,,,,,,,,,,,,,,,,,,,
LTFC_688,BUILDING,BUILDING,375225.959N,0301858.033E,3087.90,24.61,NO,,NO,,,,,,,,,,,,,,,,,,,,,,,,,,,,,
LTFC_689,BUILDING,BUILDING,375225.545N,0301858.155E,3078.47,14.76,NO,,NO,,,,,,,,,,,,,,,,,,,,,,,,,,,,,
LTFC_690,BUILDING,BUILDING,375225.909N,0301858.991E,3077.87,14.76,NO,,NO,,,,,,,,,,,,,,,,,,,,,,,,,,,,,
LTFC_691,BUILDING,BUILDING,375218.952N,0301849.425E,3115.96,34.45,NO,,NO,,,,,,,,,,,,,,,,,,,,,,,,,,,,,
LTFC_692,BUILDING,BUILDING,375221.136N,0301850.270E,3103.41,34.45,NO,,NO,,,,,,,,,,,,,,,,,,,,,,,,,,,,,
LTFC_693,BUILDING,BUILDING,375221.072N,0301850.887E,3084.96,14.76,NO,,NO,,,,,,,,,,,,,,,,,,,,,,,,,,,,,
LTFC_694,BUILDING,BUILDING,375220.987N,0301851.516E,3096.18,24.61,NO,,NO,,,,,,,,,,,,,,,,,,,,,,,,,,,,,
LTFC_695,BUILDING,BUILDING,375220.986N,0301851.785E,3086.16,14.76,NO,,NO,,,,,,,,,,,,,,,,,,,,,,,,,,,,,
LTFC_696,BUILDING,BUILDING,375220.768N,0301851.236E,3087.15,14.76,NO,,NO,,,,,,,,,,,,,,,,,,,,,,,,,,,,,
LTFC_697,BUILDING,BUILDING,375220.901N,0301850.794E,3085.85,14.76,NO,,NO,,,,,,,,,,,,,,,,,,,,,,,,,,,,,
LTFC_698,BUILDING,BUILDING,375220.394N,0301850.178E,3087.75,14.76,NO,,NO,,,,,,,,,,,,,,,,,,,,,,,,,,,,,
LTFC_699,BUILDING,BUILDING,375316.269N,0302437.006E,2991.16,24.61,NO,,NO,,,,,,,,,,,,,,,,,,,,,,,,,,,,,
LTFC_700,BUILDING,BUILDING,375316.919N,0302437.189E,2993.98,24.61,NO,,NO,,,,,,,,,,,,,,,,,,,,,,,,,,,,,
LTFC_701,BUILDING,BUILDING,375317.557N,0302437.392E,2996.73,24.61,NO,,NO,,,,,,,,,,,,,,,,,,,,,,,,,,,,,
LTFC_702,BUILDING,BUILDING,375317.923N,0302431.665E,3027.76,45.93,NO,,NO,,,,,,,,,,,,,,,,,,,,,,,,,,,,,
LTFC_703,BUILDING,BUILDING,375318.200N,0302430.828E,3033.55,49.21,NO,,NO,,,,,,,,,,,,,,,,,,,,,,,,,,,,,
LTFC_704,BUILDING,BUILDING,375318.704N,0302432.004E,3032.68,49.21,NO,,NO,,,,,,,,,,,,,,,,,,,,,,,,,,,,,
LTFC_705,BUILDING,BUILDING,375313.612N,0302452.030E,3025.00,34.45,NO,,NO,,,,,,,,,,,,,,,,,,,,,,,,,,,,,
LTFC_706,BUILDING,BUILDING,375310.202N,0302451.255E,2994.04,14.76,NO,,NO,,,,,,,,,,,,,,,,,,,,,,,,,,,,,
LTFC_707,BUILDING,BUILDING,375309.069N,0302501.085E,2993.22,14.76,NO,,NO,,,,,,,,,,,,,,,,,,,,,,,,,,,,,
LTFC_708,BUILDING,BUILDING,375309.272N,0302459.758E,2992.70,14.76,NO,,NO,,,,,,,,,,,,,,,,,,,,,,,,,,,,,
LTFC_709,BUILDING,BUILDING,375307.721N,0302510.244E,3028.48,34.45,NO,,NO,,,,,,,,,,,,,,,,,,,,,,,,,,,,,
LTFC_710,BUILDING,BUILDING,375304.334N,0302511.682E,3019.98,34.45,NO,,NO,,,,,,,,,,,,,,,,,,,,,,,,,,,,,
LTFC_711,BUILDING,BUILDING,375312.196N,0302442.718E,2989.49,24.61,NO,,NO,,,,,,,,,,,,,,,,,,,,,,,,,,,,,
LTFC_712,BUILDING,BUILDING,375312.067N,0302443.459E,2991.62,24.61,NO,,NO,,,,,,,,,,,,,,,,,,,,,,,,,,,,,
LTFC_713,BUILDING,BUILDING,375311.932N,0302444.164E,2993.38,24.61,NO,,NO,,,,,,,,,,,,,,,,,,,,,,,,,,,,,
LTFC_714,BUILDING,BUILDING,375311.963N,0302444.645E,2985.38,14.76,NO,,NO,,,,,,,,,,,,,,,,,,,,,,,,,,,,,
LTFC_715,BUILDING,BUILDING,375311.259N,0302445.107E,2983.82,14.76,NO,,NO,,,,,,,,,,,,,,,,,,,,,,,,,,,,,
LTFC_716,BUILDING,BUILDING,375311.831N,0302445.803E,2997.77,24.61,NO,,NO,,,,,,,,,,,,,,,,,,,,,,,,,,,,,
LTFC_717,BUILDING,BUILDING,375311.723N,0302446.527E,2999.55,24.61,NO,,NO,,,,,,,,,,,,,,,,,,,,,,,,,,,,,
LTFC_718,BUILDING,BUILDING,375310.987N,0302446.846E,2987.11,14.76,NO,,NO,,,,,,,,,,,,,,,,,,,,,,,,,,,,,
LTFC_719,BUILDING,BUILDING,375308.681N,0302450.805E,2995.78,24.61,NO,,NO,,,,,,,,,,,,,,,,,,,,,,,,,,,,,
LTFC_720,BUILDING,BUILDING,375308.503N,0302449.465E,2981.88,14.76,NO,,NO,,,,,,,,,,,,,,,,,,,,,,,,,,,,,
LTFC_721,BUILDING,BUILDING,375307.300N,0302454.601E,2992.98,24.61,NO,,NO,,,,,,,,,,,,,,,,,,,,,,,,,,,,,
LTFC_722,BUILDING,BUILDING,375307.936N,0302454.868E,2995.66,24.61,NO,,NO,,,,,,,,,,,,,,,,,,,,,,,,,,,,,
LTFC_723,BUILDING,BUILDING,375308.371N,0302454.718E,2988.00,14.76,NO,,NO,,,,,,,,,,,,,,,,,,,,,,,,,,,,,
LTFC_724,BUILDING,BUILDING,375304.342N,0302504.633E,2986.78,14.76,NO,,NO,,,,,,,,,,,,,,,,,,,,,,,,,,,,,
LTFC_725,BUILDING,BUILDING,375304.042N,0302504.688E,2986.08,14.76,NO,,NO,,,,,,,,,,,,,,,,,,,,,,,,,,,,,
LTFC_726,BUILDING,BUILDING,375302.099N,0302505.206E,2979.87,14.76,NO,,NO,,,,,,,,,,,,,,,,,,,,,,,,,,,,,
LTFC_727,BUILDING,BUILDING,375306.497N,0302502.076E,2996.09,24.61,NO,,NO,,,,,,,,,,,,,,,,,,,,,,,,,,,,,
LTFC_728,BUILDING,BUILDING,375305.816N,0302501.889E,2993.57,24.61,NO,,NO,,,,,,,,,,,,,,,,,,,,,,,,,,,,,
LTFC_729,BUILDING,BUILDING,375305.170N,0302501.742E,2991.87,24.61,NO,,NO,,,,,,,,,,,,,,,,,,,,,,,,,,,,,
LTFC_730,BUILDING,BUILDING,375306.407N,0302503.731E,3000.52,24.61,NO,,NO,,,,,,,,,,,,,,,,,,,,,,,,,,,,,
LTFC_731,BUILDING,BUILDING,375305.734N,0302503.535E,2988.15,14.76,NO,,NO,,,,,,,,,,,,,,,,,,,,,,,,,,,,,
LTFC_732,BUILDING,BUILDING,375304.983N,0302503.210E,2985.42,14.76,NO,,NO,,,,,,,,,,,,,,,,,,,,,,,,,,,,,
LTFC_733,BUILDING,BUILDING,375255.738N,0302512.057E,2995.87,24.61,NO,,NO,,,,,,,,,,,,,,,,,,,,,,,,,,,,,
LTFC_734,BUILDING,BUILDING,375255.614N,0302512.855E,2998.79,24.61,NO,,NO,,,,,,,,,,,,,,,,,,,,,,,,,,,,,
LTFC_735,BUILDING,BUILDING,375255.489N,0302513.686E,3001.36,24.61,NO,,NO,,,,,,,,,,,,,,,,,,,,,,,,,,,,,
LTFC_736,BUILDING,BUILDING,375254.948N,0302514.202E,3001.08,24.61,NO,,NO,,,,,,,,,,,,,,,,,,,,,,,,,,,,,
LTFC_737,BUILDING,BUILDING,375317.829N,0302529.003E,3083.70,24.61,NO,,NO,,,,,,,,,,,,,,,,,,,,,,,,,,,,,
LTFC_738,BUILDING,BUILDING,375318.399N,0302530.352E,3078.83,14.76,NO,,NO,,,,,,,,,,,,,,,,,,,,,,,,,,,,,
LTFC_739,BUILDING,BUILDING,375318.194N,0302530.168E,3078.81,14.76,NO,,NO,,,,,,,,,,,,,,,,,,,,,,,,,,,,,
LTFC_740,BUILDING,BUILDING,375333.528N,0302347.111E,3030.40,44.29,NO,,NO,,,,,,,,,,,,,,,,,,,,,,,,,,,,,
LTFC_741,BUILDING,BUILDING,375331.200N,0302344.034E,3003.35,24.61,NO,,NO,,,,,,,,,,,,,,,,,,,,,,,,,,,,,
LTFC_742,BUILDING,BUILDING,375331.197N,0302344.391E,2993.72,14.76,NO,,NO,,,,,,,,,,,,,,,,,,,,,,,,,,,,,
LTFC_743,BUILDING,BUILDING,375329.642N,0302343.637E,2987.40,14.76,NO,,NO,,,,,,,,,,,,,,,,,,,,,,,,,,,,,
LTFC_744,BUILDING,BUILDING,375329.626N,0302343.974E,2987.57,14.76,NO,,NO,,,,,,,,,,,,,,,,,,,,,,,,,,,,,
LTFC_745,BUILDING,BUILDING,375331.148N,0302347.446E,3015.28,34.45,NO,,NO,,,,,,,,,,,,,,,,,,,,,,,,,,,,,
LTFC_746,BUILDING,BUILDING,375331.060N,0302348.037E,3024.86,44.29,NO,,NO,,,,,,,,,,,,,,,,,,,,,,,,,,,,,
LTFC_747,BUILDING,BUILDING,375328.142N,0302348.693E,3005.11,34.45,NO,,NO,,,,,,,,,,,,,,,,,,,,,,,,,,,,,
LTFC_748,BUILDING,BUILDING,375328.806N,0302349.236E,3008.20,34.45,NO,,NO,,,,,,,,,,,,,,,,,,,,,,,,,,,,,
LTFC_749,BUILDING,BUILDING,375328.906N,0302350.879E,3011.82,34.45,NO,,NO,,,,,,,,,,,,,,,,,,,,,,,,,,,,,
LTFC_750,BUILDING,BUILDING,375329.429N,0302351.319E,3013.68,34.45,NO,,NO,,,,,,,,,,,,,,,,,,,,,,,,,,,,,
LTFC_751,BUILDING,BUILDING,375330.963N,0302349.211E,3015.91,34.45,NO,,NO,,,,,,,,,,,,,,,,,,,,,,,,,,,,,
LTFC_752,BUILDING,BUILDING,375330.194N,0302350.718E,3014.53,34.45,NO,,NO,,,,,,,,,,,,,,,,,,,,,,,,,,,,,
LTFC_753,BUILDING,BUILDING,375325.235N,0302353.581E,2994.46,24.61,NO,,NO,,,,,,,,,,,,,,,,,,,,,,,,,,,,,
LTFC_754,BUILDING,BUILDING,375326.938N,0302356.543E,3002.18,24.61,NO,,NO,,,,,,,,,,,,,,,,,,,,,,,,,,,,,
LTFC_755,BUILDING,BUILDING,375326.183N,0302356.241E,3009.24,34.45,NO,,NO,,,,,,,,,,,,,,,,,,,,,,,,,,,,,
LTFC_756,BUILDING,BUILDING,375325.856N,0302356.095E,3007.90,34.45,NO,,NO,,,,,,,,,,,,,,,,,,,,,,,,,,,,,
LTFC_757,BUILDING,BUILDING,375326.929N,0302357.906E,2992.37,14.76,NO,,NO,,,,,,,,,,,,,,,,,,,,,,,,,,,,,
LTFC_758,BUILDING,BUILDING,375325.962N,0302357.522E,2988.76,14.76,NO,,NO,,,,,,,,,,,,,,,,,,,,,,,,,,,,,
LTFC_759,BUILDING,BUILDING,375333.246N,0302358.888E,3041.77,44.29,NO,,NO,,,,,,,,,,,,,,,,,,,,,,,,,,,,,
LTFC_760,BUILDING,BUILDING,375335.906N,0302353.364E,3046.82,44.29,NO,,NO,,,,,,,,,,,,,,,,,,,,,,,,,,,,,
LTFC_761,BUILDING,BUILDING,375336.868N,0302352.704E,3036.19,29.53,NO,,NO,,,,,,,,,,,,,,,,,,,,,,,,,,,,,
LTFC_762,BUILDING,BUILDING,375333.631N,0302403.514E,3048.06,44.29,NO,,NO,,,,,,,,,,,,,,,,,,,,,,,,,,,,,
LTFC_763,BUILDING,BUILDING,375333.237N,0302404.469E,3047.39,44.29,NO,,NO,,,,,,,,,,,,,,,,,,,,,,,,,,,,,
LTFC_764,BUILDING,BUILDING,375332.897N,0302405.369E,3047.60,44.29,NO,,NO,,,,,,,,,,,,,,,,,,,,,,,,,,,,,
LTFC_765,BUILDING,BUILDING,375332.516N,0302406.319E,3047.06,44.29,NO,,NO,,,,,,,,,,,,,,,,,,,,,,,,,,,,,
LTFC_766,BUILDING,BUILDING,375329.031N,0302409.739E,3026.61,34.45,NO,,NO,,,,,,,,,,,,,,,,,,,,,,,,,,,,,
LTFC_767,BUILDING,BUILDING,375328.747N,0302409.340E,3034.69,44.29,NO,,NO,,,,,,,,,,,,,,,,,,,,,,,,,,,,,
LTFC_768,BUILDING,BUILDING,375323.439N,0302407.433E,3001.46,24.61,NO,,NO,,,,,,,,,,,,,,,,,,,,,,,,,,,,,
LTFC_769,BUILDING,BUILDING,375325.654N,0302404.502E,2994.03,14.76,NO,,NO,,,,,,,,,,,,,,,,,,,,,,,,,,,,,
LTFC_770,BUILDING,BUILDING,375321.359N,0302409.760E,2997.39,24.61,NO,,NO,,,,,,,,,,,,,,,,,,,,,,,,,,,,,
LTFC_771,SILO,BUILDING,375323.499N,0302411.475E,3016.54,34.45,NO,,NO,,,,,,,,,,,,,,,,,,,,,,,,,,,,,
LTFC_772,BUILDING,BUILDING,375321.072N,0302412.285E,2989.87,14.76,NO,,NO,,,,,,,,,,,,,,,,,,,,,,,,,,,,,
LTFC_773,SILO,BUILDING,375323.139N,0302412.211E,3026.34,44.29,NO,,NO,,,,,,,,,,,,,,,,,,,,,,,,,,,,,
LTFC_774,BUILDING,BUILDING,375315.789N,0302432.667E,2986.95,14.76,NO,,NO,,,,,,,,,,,,,,,,,,,,,,,,,,,,,
LTFC_775,BUILDING,BUILDING,375315.134N,0302418.211E,2988.73,24.61,NO,,NO,,,,,,,,,,,,,,,,,,,,,,,,,,,,,
LTFC_776,BUILDING,BUILDING,375314.343N,0302415.018E,2989.28,34.45,NO,,NO,,,,,,,,,,,,,,,,,,,,,,,,,,,,,
LTFC_777,BUILDING,BUILDING,375317.538N,0302418.191E,2999.01,24.61,NO,,NO,,,,,,,,,,,,,,,,,,,,,,,,,,,,,
LTFC_778,BUILDING,BUILDING,375317.006N,0302417.759E,2995.90,24.61,NO,,NO,,,,,,,,,,,,,,,,,,,,,,,,,,,,,
LTFC_779,BUILDING,BUILDING,375316.851N,0302414.925E,2979.61,14.76,NO,,NO,,,,,,,,,,,,,,,,,,,,,,,,,,,,,
LTFC_780,BUILDING,BUILDING,375318.352N,0302417.600E,2990.64,14.76,NO,,NO,,,,,,,,,,,,,,,,,,,,,,,,,,,,,
LTFC_781,BUILDING,BUILDING,375316.361N,0302419.798E,3006.78,34.45,NO,,NO,,,,,,,,,,,,,,,,,,,,,,,,,,,,,
LTFC_782,BUILDING,BUILDING,375318.536N,0302416.009E,3027.33,54.13,NO,,NO,,,,,,,,,,,,,,,,,,,,,,,,,,,,,
LTFC_783,BUILDING,BUILDING,375317.804N,0302418.741E,2991.41,14.76,NO,,NO,,,,,,,,,,,,,,,,,,,,,,,,,,,,,
LTFC_784,BUILDING,BUILDING,375317.606N,0302419.142E,2991.41,14.76,NO,,NO,,,,,,,,,,,,,,,,,,,,,,,,,,,,,
LTFC_785,BUILDING,BUILDING,375317.164N,0302420.010E,2990.86,14.76,NO,,NO,,,,,,,,,,,,,,,,,,,,,,,,,,,,,
LTFC_786,BUILDING,BUILDING,375315.136N,0302420.027E,2982.04,14.76,NO,,NO,,,,,,,,,,,,,,,,,,,,,,,,,,,,,
LTFC_787,BUILDING,BUILDING,375318.317N,0302419.803E,3014.74,34.45,NO,,NO,,,,,,,,,,,,,,,,,,,,,,,,,,,,,
LTFC_788,BUILDING,BUILDING,375319.490N,0302421.187E,3022.21,34.45,NO,,NO,,,,,,,,,,,,,,,,,,,,,,,,,,,,,
LTFC_789,BUILDING,BUILDING,375316.687N,0302423.130E,3013.32,34.45,NO,,NO,,,,,,,,,,,,,,,,,,,,,,,,,,,,,
LTFC_790,BUILDING,BUILDING,375314.908N,0302423.237E,2995.33,24.61,NO,,NO,,,,,,,,,,,,,,,,,,,,,,,,,,,,,
LTFC_791,BUILDING,BUILDING,375314.272N,0302422.721E,2992.42,24.61,NO,,NO,,,,,,,,,,,,,,,,,,,,,,,,,,,,,
LTFC_792,BUILDING,BUILDING,375313.563N,0302422.170E,2988.70,24.61,NO,,NO,,,,,,,,,,,,,,,,,,,,,,,,,,,,,
LTFC_793,BUILDING,BUILDING,375313.825N,0302425.930E,2983.58,14.76,NO,,NO,,,,,,,,,,,,,,,,,,,,,,,,,,,,,
LTFC_794,BUILDING,BUILDING,375315.881N,0302428.743E,3002.44,24.61,NO,,NO,,,,,,,,,,,,,,,,,,,,,,,,,,,,,
LTFC_795,BUILDING,BUILDING,375315.403N,0302428.378E,3000.45,24.61,NO,,NO,,,,,,,,,,,,,,,,,,,,,,,,,,,,,
LTFC_796,BUILDING,BUILDING,375311.062N,0302421.625E,3006.30,54.13,NO,,NO,,,,,,,,,,,,,,,,,,,,,,,,,,,,,
LTFC_797,BUILDING,BUILDING,375312.748N,0302435.475E,2981.18,24.61,NO,,NO,,,,,,,,,,,,,,,,,,,,,,,,,,,,,
LTFC_798,BUILDING,BUILDING,375312.732N,0302436.260E,2978.99,24.61,NO,,NO,,,,,,,,,,,,,,,,,,,,,,,,,,,,,
LTFC_799,BUILDING,BUILDING,375310.325N,0302442.322E,2980.31,24.61,NO,,NO,,,,,,,,,,,,,,,,,,,,,,,,,,,,,
LTFC_800,BUILDING,BUILDING,375309.500N,0302446.240E,2988.81,24.61,NO,,NO,,,,,,,,,,,,,,,,,,,,,,,,,,,,,
LTFC_801,BUILDING,BUILDING,375308.813N,0302446.299E,2986.13,24.61,NO,,NO,,,,,,,,,,,,,,,,,,,,,,,,,,,,,
LTFC_802,BUILDING,BUILDING,375308.186N,0302446.105E,2982.37,24.61,NO,,NO,,,,,,,,,,,,,,,,,,,,,,,,,,,,,
LTFC_803,BUILDING,BUILDING,375309.606N,0302444.722E,2985.30,24.61,NO,,NO,,,,,,,,,,,,,,,,,,,,,,,,,,,,,
LTFC_804,BUILDING,BUILDING,375308.858N,0302453.083E,2990.16,14.76,NO,,NO,,,,,,,,,,,,,,,,,,,,,,,,,,,,,
LTFC_805,BUILDING,BUILDING,375307.590N,0302452.706E,2983.09,14.76,NO,,NO,,,,,,,,,,,,,,,,,,,,,,,,,,,,,
LTFC_806,BUILDING,BUILDING,375305.691N,0302449.867E,2979.26,24.61,NO,,NO,,,,,,,,,,,,,,,,,,,,,,,,,,,,,
LTFC_807,BUILDING,BUILDING,375305.951N,0302450.492E,2991.66,34.45,NO,,NO,,,,,,,,,,,,,,,,,,,,,,,,,,,,,
LTFC_808,BUILDING,BUILDING,375303.377N,0302446.095E,2983.61,44.29,NO,,NO,,,,,,,,,,,,,,,,,,,,,,,,,,,,,
LTFC_809,BUILDING,BUILDING,375250.370N,0302517.189E,2980.76,14.76,NO,,NO,,,,,,,,,,,,,,,,,,,,,,,,,,,,,
LTFC_810,BUILDING,BUILDING,375248.334N,0302517.764E,2984.00,24.61,NO,,NO,,,,,,,,,,,,,,,,,,,,,,,,,,,,,
LTFC_811,BUILDING,BUILDING,375248.223N,0302517.032E,2982.32,24.61,NO,,NO,,,,,,,,,,,,,,,,,,,,,,,,,,,,,
LTFC_812,BUILDING,BUILDING,375248.562N,0302518.303E,2986.79,24.61,NO,,NO,,,,,,,,,,,,,,,,,,,,,,,,,,,,,
LTFC_813,BUILDING,BUILDING,375247.529N,0302518.469E,2982.28,24.61,NO,,NO,,,,,,,,,,,,,,,,,,,,,,,,,,,,,
LTFC_814,BUILDING,BUILDING,375302.485N,0302510.311E,2993.53,14.76,NO,,NO,,,,,,,,,,,,,,,,,,,,,,,,,,,,,
LTFC_815,BUILDING,BUILDING,375302.668N,0302509.234E,2989.99,14.76,NO,,NO,,,,,,,,,,,,,,,,,,,,,,,,,,,,,
LTFC_816,BUILDING,BUILDING,375302.226N,0302510.275E,2993.06,14.76,NO,,NO,,,,,,,,,,,,,,,,,,,,,,,,,,,,,
LTFC_817,BUILDING,BUILDING,375350.344N,0302241.330E,3036.92,34.45,NO,,NO,,,,,,,,,,,,,,,,,,,,,,,,,,,,,
LTFC_818,BUILDING,BUILDING,375354.521N,0302236.143E,3041.29,34.45,NO,,NO,,,,,,,,,,,,,,,,,,,,,,,,,,,,,
LTFC_819,BUILDING,BUILDING,375407.901N,0302308.209E,3113.52,34.45,NO,,NO,,,,,,,,,,,,,,,,,,,,,,,,,,,,,
LTFC_820,BUILDING,BUILDING,375358.376N,0302304.687E,3083.66,34.45,NO,,NO,,,,,,,,,,,,,,,,,,,,,,,,,,,,,
LTFC_821,BUILDING,BUILDING,375400.945N,0302309.032E,3097.92,34.45,NO,,NO,,,,,,,,,,,,,,,,,,,,,,,,,,,,,
LTFC_822,SILO,BUILDING,375349.256N,0302325.608E,3109.51,73.82,NO,,NO,,,,,,,,,,,,,,,,,,,,,,,,,,,,,
LTFC_823,SILO,BUILDING,375349.391N,0302325.598E,3110.44,73.82,NO,,NO,,,,,,,,,,,,,,,,,,,,,,,,,,,,,
LTFC_824,SILO,BUILDING,375349.242N,0302325.369E,3109.42,73.82,NO,,NO,,,,,,,,,,,,,,,,,,,,,,,,,,,,,
LTFC_825,SILO,BUILDING,375349.370N,0302325.343E,3110.48,73.82,NO,,NO,,,,,,,,,,,,,,,,,,,,,,,,,,,,,
LTFC_826,BUILDING,BUILDING,375403.885N,0302311.383E,3109.37,34.45,NO,,NO,,,,,,,,,,,,,,,,,,,,,,,,,,,,,
LTFC_827,BUILDING,BUILDING,375404.379N,0302311.704E,3140.75,63.98,NO,,NO,,,,,,,,,,,,,,,,,,,,,,,,,,,,,
LTFC_828,BUILDING,BUILDING,375404.060N,0302310.963E,3138.76,63.98,NO,,NO,,,,,,,,,,,,,,,,,,,,,,,,,,,,,
LTFC_829,BUILDING,BUILDING,375351.756N,0302355.701E,3111.58,34.45,NO,,NO,,,,,,,,,,,,,,,,,,,,,,,,,,,,,
LTFC_830,BUILDING,BUILDING,375334.647N,0302419.564E,3053.39,34.45,NO,,NO,,,,,,,,,,,,,,,,,,,,,,,,,,,,,
LTFC_831,BUILDING,BUILDING,375340.478N,0302409.091E,3066.94,34.45,NO,,NO,,,,,,,,,,,,,,,,,,,,,,,,,,,,,
LTFC_832,MINARET,BUILDING,375340.340N,0302410.174E,3067.93,34.45,NO,,NO,,,,,,,,,,,,,,,,,,,,,,,,,,,,,
LTFC_833,BUILDING,BUILDING,375343.541N,0302416.869E,3085.14,34.45,NO,,NO,,,,,,,,,,,,,,,,,,,,,,,,,,,,,
LTFC_834,BUILDING,BUILDING,375346.279N,0302417.040E,3097.56,34.45,NO,,NO,,,,,,,,,,,,,,,,,,,,,,,,,,,,,
LTFC_835,SILO,BUILDING,375328.475N,0302450.070E,3065.76,36.09,NO,,NO,,,,,,,,,,,,,,,,,,,,,,,,,,,,,
LTFC_836,BUILDING,BUILDING,375348.672N,0302438.520E,3116.97,26.25,NO,,NO,,,,,,,,,,,,,,,,,,,,,,,,,,,,,
LTFC_837,MINARET,BUILDING,375348.866N,0302438.172E,3156.98,63.98,NO,,NO,,,,,,,,,,,,,,,,,,,,,,,,,,,,,
LTFC_838,BUILDING,BUILDING,375358.189N,0302444.323E,3158.71,34.45,NO,,NO,,,,,,,,,,,,,,,,,,,,,,,,,,,,,
LTFC_839,BUILDING,BUILDING,375352.307N,0302442.028E,3151.21,34.45,NO,,NO,,,,,,,,,,,,,,,,,,,,,,,,,,,,,
LTFC_840,BUILDING,BUILDING,375352.961N,0302443.083E,3151.21,34.45,NO,,NO,,,,,,,,,,,,,,,,,,,,,,,,,,,,,
LTFC_841,BUILDING,BUILDING,375347.222N,0302511.379E,3138.31,34.45,NO,,NO,,,,,,,,,,,,,,,,,,,,,,,,,,,,,
LTFC_842,HIGH VOLTAGE MAST,POLE,375234.594N,0302546.245E,3157.87,98.42,NO,,NO,,,,,,,,,,,,,,,,,,,,,,,,,,,,,
LTFC_843,HIGH VOLTAGE MAST,POLE,375236.998N,0302533.713E,3083.95,98.42,NO,,NO,,,,,,,,,,,,,,,,,,,,,,,,,,,,,
LTFC_844,HIGH VOLTAGE MAST,POLE,375238.490N,0302523.921E,3045.04,98.42,NO,,NO,,,,,,,,,,,,,,,,,,,,,,,,,,,,,
LTFC_845,HIGH VOLTAGE MAST,POLE,375235.658N,0302540.294E,3110.82,98.42,NO,,NO,,,,,,,,,,,,,,,,,,,,,,,,,,,,,
LTFC_846,HIGH VOLTAGE MAST,POLE,375349.397N,0302117.446E,3104.94,98.42,NO,,NO,,,,,,,,,,,,,,,,,,,,,,,,,,,,,
LTFC_847,HIGH VOLTAGE MAST,POLE,375348.401N,0302108.054E,3103.54,98.42,NO,,NO,,,,,,,,,,,,,,,,,,,,,,,,,,,,,
LTFC_848,SILO,BUILDING,375348.004N,0302339.370E,3084.31,32.81,NO,,NO,,,,,,,,,,,,,,,,,,,,,,,,,,,,,
LTFC_849,WIND SOCK,OTHER,375058.560N,0302124.950E,2850.47,22.30,YES,RED,NO,,,,,,,,,,,,,,,,,,,,,,,,,,,,,
LTFC_850,WIND SOCK,OTHER,375151.340N,0302242.490E,2856.66,22.30,YES,RED,NO,,,,,,,,,,,,,,,,,,,,,,,,,,,,,
