Obstacle_Designator    ,AIXM_NAME,ObstacleType(AIXM),Latitude(N),Longitude(E),Elevation at Top (FT),Height (FT),Lighting,Color of Lighting,Group,,
LTAP_617,BUILDING,BUILDING,405142.63N,0352723.14E,2270.58,34.45,NO,,NO,,
LTAP_618,BUILDING,BUILDING,405143.99N,0352722.74E,2266.35,24.61,NO,,NO,,
LTAP_619,BUILDING,BUILDING,405146.24N,0352724.24E,2287.35,34.45,NO,,NO,,
LTAP_620,BUILDING,BUILDING,405141.40N,0352726.23E,2279.79,44.29,NO,,NO,,
LTAP_621,BUILDING,BUILDING,405141.36N,0352726.84E,2279.94,44.29,NO,,NO,,
LTAP_622,BUILDING,BUILDING,405141.48N,0352725.52E,2269.65,34.45,NO,,NO,,
LTAP_623,BUILDING,BUILDING,405143.43N,0352727.33E,2288.17,44.29,NO,,NO,,
LTAP_624,BUILDING,BUILDING,405143.62N,0352725.86E,2277.37,34.45,NO,,NO,,
LTAP_625,BUILDING,BUILDING,405144.40N,0352726.11E,2290.87,44.29,NO,,NO,,
LTAP_626,BUILDING,BUILDING,405142.98N,0352722.14E,2261.37,24.61,NO,,NO,,
LTAP_627,BUILDING,BUILDING,405140.77N,0352718.28E,2253.78,24.61,NO,,NO,,
LTAP_628,BUILDING,BUILDING,405136.63N,0352718.67E,2271.54,54.13,NO,,NO,,
LTAP_629,BUILDING,BUILDING,405137.24N,0352719.06E,2273.37,54.13,NO,,NO,,
LTAP_630,BUILDING,BUILDING,405138.01N,0352719.51E,2275.67,54.13,NO,,NO,,
LTAP_631,BUILDING,BUILDING,405138.84N,0352719.93E,2278.14,54.13,NO,,NO,,
LTAP_632,BUILDING,BUILDING,405138.48N,0352721.05E,2277.46,54.13,NO,,NO,,
LTAP_633,BUILDING,BUILDING,405137.74N,0352720.52E,2275.21,54.13,NO,,NO,,
LTAP_634,BUILDING,BUILDING,405136.92N,0352720.11E,2272.80,54.13,NO,,NO,,
LTAP_635,BUILDING,BUILDING,405136.31N,0352719.78E,2270.98,54.13,NO,,NO,,
LTAP_636,BUILDING,BUILDING,405135.40N,0352716.22E,2267.97,54.13,NO,,NO,,
LTAP_637,BUILDING,BUILDING,405135.62N,0352715.08E,2268.44,54.13,NO,,NO,,
LTAP_638,BUILDING,BUILDING,405136.45N,0352715.33E,2270.86,54.13,NO,,NO,,
LTAP_639,BUILDING,BUILDING,405136.11N,0352716.61E,2269.97,54.13,NO,,NO,,
LTAP_640,BUILDING,BUILDING,405137.34N,0352716.22E,2273.63,54.13,NO,,NO,,
LTAP_641,BUILDING,BUILDING,405138.44N,0352716.77E,2276.76,54.13,NO,,NO,,
LTAP_642,BUILDING,BUILDING,405133.82N,0352716.80E,2263.28,54.13,NO,,NO,,
LTAP_643,BUILDING,BUILDING,405134.22N,0352715.46E,2264.56,54.13,NO,,NO,,
LTAP_644,BUILDING,BUILDING,405133.39N,0352718.17E,2262.25,54.13,NO,,NO,,
LTAP_645,BUILDING,BUILDING,405139.42N,0352717.38E,2279.62,54.13,NO,,NO,,
LTAP_646,BUILDING,BUILDING,405138.03N,0352717.99E,2275.37,54.13,NO,,NO,,
LTAP_647,BUILDING,BUILDING,405137.10N,0352717.39E,2272.78,54.13,NO,,NO,,
LTAP_648,BUILDING,BUILDING,405137.67N,0352717.76E,2274.35,54.13,NO,,NO,,
LTAP_649,BUILDING,BUILDING,405139.83N,0352721.58E,2281.43,54.13,NO,,NO,,
LTAP_650,BUILDING,BUILDING,405135.23N,0352721.16E,2239.64,24.61,NO,,NO,,
LTAP_651,BUILDING,BUILDING,405134.27N,0352720.62E,2246.73,34.45,NO,,NO,,
LTAP_652,BUILDING,BUILDING,405131.89N,0352726.76E,2249.20,44.29,NO,,NO,,
LTAP_653,BUILDING,BUILDING,405131.17N,0352732.19E,2253.27,54.13,NO,,NO,,
LTAP_654,BUILDING,BUILDING,405131.72N,0352735.08E,2229.36,34.45,NO,,NO,,
LTAP_655,BUILDING,BUILDING,405135.81N,0352734.43E,2244.26,34.45,NO,,NO,,
LTAP_656,BUILDING,BUILDING,405136.93N,0352735.78E,2264.84,54.13,NO,,NO,,
LTAP_657,BUILDING,BUILDING,405138.08N,0352736.34E,2249.06,34.45,NO,,NO,,
LTAP_658,BUILDING,BUILDING,405140.78N,0352740.53E,2267.43,44.29,NO,,NO,,
LTAP_659,BUILDING,BUILDING,405140.20N,0352740.47E,2264.66,44.29,NO,,NO,,
LTAP_660,BUILDING,BUILDING,405140.52N,0352740.48E,2266.24,44.29,NO,,NO,,
LTAP_661,BUILDING,BUILDING,405140.35N,0352742.96E,2271.23,54.13,NO,,NO,,
LTAP_662,BUILDING,BUILDING,405140.03N,0352742.97E,2269.53,54.13,NO,,NO,,
LTAP_663,BUILDING,BUILDING,405145.32N,0352752.50E,2268.05,34.45,NO,,NO,,
LTAP_664,BUILDING,BUILDING,405139.86N,0352723.55E,2262.74,34.45,NO,,NO,,
LTAP_665,BUILDING,BUILDING,405139.31N,0352728.25E,2271.74,44.29,NO,,NO,,
LTAP_666,BUILDING,BUILDING,405139.98N,0352727.15E,2274.58,44.29,NO,,NO,,
LTAP_667,BUILDING,BUILDING,405137.91N,0352726.72E,2267.84,44.29,NO,,NO,,
LTAP_668,BUILDING,BUILDING,405139.48N,0352726.92E,2263.17,34.45,NO,,NO,,
LTAP_669,BUILDING,BUILDING,405142.86N,0352732.76E,2281.77,44.29,NO,,NO,,
LTAP_670,BUILDING,BUILDING,405142.95N,0352732.10E,2283.58,44.29,NO,,NO,,
LTAP_671,BUILDING,BUILDING,405143.01N,0352731.39E,2284.46,44.29,NO,,NO,,
LTAP_672,BUILDING,BUILDING,405143.59N,0352733.00E,2275.00,34.45,NO,,NO,,
LTAP_673,BUILDING,BUILDING,405144.91N,0352730.35E,2283.32,34.45,NO,,NO,,
LTAP_674,BUILDING,BUILDING,405143.00N,0352737.39E,2280.55,44.29,NO,,NO,,
LTAP_675,BUILDING,BUILDING,405144.40N,0352741.87E,2280.57,44.29,NO,,NO,,
LTAP_676,BUILDING,BUILDING,405144.33N,0352742.57E,2279.76,44.29,NO,,NO,,
LTAP_677,BUILDING,BUILDING,405149.38N,0352744.96E,2291.61,44.29,NO,,NO,,
LTAP_678,BUILDING,BUILDING,405148.86N,0352744.96E,2280.26,34.45,NO,,NO,,
LTAP_679,BUILDING,BUILDING,405151.25N,0352744.86E,2291.09,34.45,NO,,NO,,
LTAP_680,BUILDING,BUILDING,405150.76N,0352744.89E,2288.49,34.45,NO,,NO,,
LTAP_681,BUILDING,BUILDING,405146.19N,0352744.57E,2273.60,34.45,NO,,NO,,
LTAP_682,BUILDING,BUILDING,405146.19N,0352746.26E,2281.06,44.29,NO,,NO,,
LTAP_683,BUILDING,BUILDING,405153.70N,0352743.93E,2304.58,34.45,NO,,NO,,
LTAP_684,MOSQUE,BUILDING,405153.54N,0352745.08E,2312.28,44.29,NO,,NO,,
LTAP_685,MINARET,BUILDING,405153.78N,0352744.79E,2338.40,68.90,NO,,NO,,
LTAP_686,BUILDING,BUILDING,405152.71N,0352745.19E,2298.37,34.45,NO,,NO,,
LTAP_687,BUILDING,BUILDING,405152.08N,0352745.13E,2295.16,34.45,NO,,NO,,
LTAP_688,BUILDING,BUILDING,405152.01N,0352745.78E,2294.00,34.45,NO,,NO,,
LTAP_689,BUILDING,BUILDING,405151.92N,0352746.49E,2292.57,34.45,NO,,NO,,
LTAP_690,BUILDING,BUILDING,405152.54N,0352747.24E,2294.92,34.45,NO,,NO,,
LTAP_691,BUILDING,BUILDING,405151.88N,0352747.28E,2291.76,34.45,NO,,NO,,
LTAP_692,BUILDING,BUILDING,405149.37N,0352730.33E,2298.21,34.45,NO,,NO,,
LTAP_693,BUILDING,BUILDING,405152.87N,0352729.57E,2309.47,24.61,NO,,NO,,
LTAP_694,BUILDING,BUILDING,405153.72N,0352730.65E,2314.59,24.61,NO,,NO,,
LTAP_695,BUILDING,BUILDING,405154.92N,0352732.84E,2321.17,24.61,NO,,NO,,
LTAP_696,BUILDING,BUILDING,405155.36N,0352732.86E,2321.17,24.61,NO,,NO,,
LTAP_697,BUILDING,BUILDING,405155.02N,0352732.17E,2311.32,14.76,NO,,NO,,
LTAP_698,BUILDING,BUILDING,405154.39N,0352738.92E,2313.94,34.45,NO,,NO,,
LTAP_699,BUILDING,BUILDING,405155.90N,0352737.49E,2332.80,44.29,NO,,NO,,
LTAP_700,BUILDING,BUILDING,405156.63N,0352739.64E,2333.49,44.29,NO,,NO,,
LTAP_701,BUILDING,BUILDING,405155.83N,0352738.82E,2331.02,44.29,NO,,NO,,
LTAP_702,BUILDING,BUILDING,405157.75N,0352738.05E,2341.32,44.29,NO,,NO,,
LTAP_703,BUILDING,BUILDING,405157.70N,0352738.79E,2329.99,34.45,NO,,NO,,
LTAP_704,BUILDING,BUILDING,405157.55N,0352740.10E,2327.43,34.45,NO,,NO,,
LTAP_705,BUILDING,BUILDING,405157.59N,0352739.49E,2328.38,34.45,NO,,NO,,
LTAP_706,BUILDING,BUILDING,405157.92N,0352736.67E,2343.44,44.29,NO,,NO,,
LTAP_707,BUILDING,BUILDING,405157.78N,0352737.44E,2332.22,34.45,NO,,NO,,
LTAP_708,BUILDING,BUILDING,405158.43N,0352739.53E,2352.34,54.13,NO,,NO,,
LTAP_709,BUILDING,BUILDING,405158.57N,0352738.18E,2344.96,44.29,NO,,NO,,
LTAP_710,BUILDING,BUILDING,405158.53N,0352738.88E,2333.64,34.45,NO,,NO,,
LTAP_711,BUILDING,BUILDING,405159.22N,0352741.36E,2334.87,34.45,NO,,NO,,
LTAP_712,BUILDING,BUILDING,405157.28N,0352742.28E,2343.24,54.13,NO,,NO,,
LTAP_713,BUILDING,BUILDING,405157.79N,0352743.30E,2324.23,34.45,NO,,NO,,
LTAP_714,BUILDING,BUILDING,405157.22N,0352743.23E,2321.79,34.45,NO,,NO,,
LTAP_715,BUILDING,BUILDING,405158.86N,0352743.42E,2328.49,34.45,NO,,NO,,
LTAP_716,BUILDING,BUILDING,405156.83N,0352737.69E,2347.06,54.13,NO,,NO,,
LTAP_717,BUILDING,BUILDING,405156.69N,0352738.41E,2345.60,54.13,NO,,NO,,
LTAP_718,BUILDING,BUILDING,405156.28N,0352742.58E,2328.28,44.29,NO,,NO,,
LTAP_719,BUILDING,BUILDING,405156.17N,0352743.16E,2336.92,54.13,NO,,NO,,
LTAP_720,BUILDING,BUILDING,405155.13N,0352744.17E,2320.85,44.29,NO,,NO,,
LTAP_721,BUILDING,BUILDING,405155.48N,0352742.93E,2333.90,54.13,NO,,NO,,
LTAP_722,BUILDING,BUILDING,405156.09N,0352745.34E,2313.48,34.45,NO,,NO,,
LTAP_723,BUILDING,BUILDING,405156.19N,0352744.39E,2315.50,34.45,NO,,NO,,
LTAP_724,BUILDING,BUILDING,405155.12N,0352745.26E,2309.56,34.45,NO,,NO,,
LTAP_725,BUILDING,BUILDING,405154.80N,0352745.22E,2308.12,34.45,NO,,NO,,
LTAP_726,BUILDING,BUILDING,405154.04N,0352742.69E,2307.61,34.45,NO,,NO,,
LTAP_727,BUILDING,BUILDING,405157.06N,0352744.54E,2328.84,44.29,NO,,NO,,
LTAP_728,BUILDING,BUILDING,405154.15N,0352732.03E,2337.18,44.29,NO,,NO,,
LTAP_729,BUILDING,BUILDING,405153.48N,0352732.60E,2332.92,44.29,NO,,NO,,
LTAP_730,BUILDING,BUILDING,405154.11N,0352732.70E,2326.88,34.45,NO,,NO,,
LTAP_731,BUILDING,BUILDING,405153.89N,0352736.12E,2318.20,34.45,NO,,NO,,
LTAP_732,BUILDING,BUILDING,405150.56N,0352731.86E,2306.06,34.45,NO,,NO,,
LTAP_733,BUILDING,BUILDING,405151.21N,0352731.89E,2309.61,34.45,NO,,NO,,
LTAP_734,BUILDING,BUILDING,405150.74N,0352735.98E,2304.97,34.45,NO,,NO,,
LTAP_735,BUILDING,BUILDING,405148.73N,0352735.01E,2307.01,44.29,NO,,NO,,
LTAP_736,BUILDING,BUILDING,405152.10N,0352732.58E,2325.16,44.29,NO,,NO,,
LTAP_737,BUILDING,BUILDING,405149.07N,0352731.81E,2298.11,34.45,NO,,NO,,
LTAP_738,BUILDING,BUILDING,405150.29N,0352734.19E,2305.25,34.45,NO,,NO,,
LTAP_739,BUILDING,BUILDING,405150.70N,0352736.63E,2303.26,34.45,NO,,NO,,
LTAP_740,BUILDING,BUILDING,405151.79N,0352735.78E,2310.37,34.45,NO,,NO,,
LTAP_741,BUILDING,BUILDING,405156.18N,0352734.96E,2339.35,44.29,NO,,NO,,
LTAP_742,BUILDING,BUILDING,405156.86N,0352735.08E,2331.53,34.45,NO,,NO,,
LTAP_743,BUILDING,BUILDING,405157.02N,0352735.85E,2330.64,34.45,NO,,NO,,
LTAP_744,MOSQUE,BUILDING,405141.07N,0352759.10E,2258.39,44.29,NO,,NO,,
LTAP_745,BUILDING,BUILDING,405141.44N,0352758.71E,2289.84,73.82,NO,,NO,,
LTAP_746,BUILDING,BUILDING,405129.53N,0352718.96E,2212.91,14.76,NO,,NO,,
LTAP_747,BUILDING,BUILDING,405129.34N,0352718.03E,2212.90,14.76,NO,,NO,,
LTAP_748,BUILDING,BUILDING,405128.76N,0352717.76E,2212.90,14.76,NO,,NO,,
LTAP_749,SILO,BUILDING,405028.41N,0352800.84E,2043.70,29.53,NO,,NO,,
LTAP_750,SILO,BUILDING,405028.41N,0352800.01E,2041.66,29.53,NO,,NO,,
LTAP_751,SILO,BUILDING,405027.90N,0352759.96E,2041.59,29.53,NO,,NO,,
LTAP_752,SILO,BUILDING,405027.89N,0352800.86E,2043.46,29.53,NO,,NO,,
LTAP_753,BUILDING,BUILDING,405036.84N,0352749.24E,2039.02,54.13,NO,,NO,,
LTAP_754,BUILDING,BUILDING,405035.47N,0352749.33E,2029.17,44.29,NO,,NO,,
LTAP_755,BUILDING,BUILDING,405035.02N,0352749.31E,2019.33,34.45,NO,,NO,,
LTAP_756,BUILDING,BUILDING,405036.79N,0352748.49E,2029.17,44.29,NO,,NO,,
LTAP_757,MOSQUE,BUILDING,405028.57N,0352910.28E,1975.92,34.45,NO,,NO,,
LTAP_758,MINARET,BUILDING,405028.88N,0352910.06E,2001.23,59.05,NO,,NO,,
LTAP_759,BUILDING,BUILDING,405023.83N,0352914.17E,1956.52,24.61,NO,,NO,,
LTAP_760,BUILDING,BUILDING,405023.49N,0352914.10E,1946.52,14.76,NO,,NO,,
LTAP_761,BUILDING,BUILDING,405023.20N,0352914.10E,1946.31,14.76,NO,,NO,,
LTAP_762,BUILDING,BUILDING,405022.68N,0352913.52E,1956.37,24.61,NO,,NO,,
LTAP_763,BUILDING,BUILDING,405025.42N,0352916.37E,1946.21,14.76,NO,,NO,,
LTAP_764,BUILDING,BUILDING,405025.47N,0352917.53E,1945.46,14.76,NO,,NO,,
LTAP_765,BUILDING,BUILDING,405027.26N,0352920.60E,1956.84,24.61,NO,,NO,,
LTAP_766,BUILDING,BUILDING,405026.79N,0352919.52E,1966.24,34.45,NO,,NO,,
LTAP_767,BUILDING,BUILDING,405026.89N,0352920.04E,1946.57,14.76,NO,,NO,,
LTAP_768,BUILDING,BUILDING,405026.89N,0352920.30E,1946.47,14.76,NO,,NO,,
LTAP_769,BUILDING,BUILDING,405158.49N,0352744.63E,2324.43,34.45,NO,,NO,,
LTAP_770,BUILDING,BUILDING,405200.60N,0352742.74E,2351.37,44.29,NO,,NO,,
LTAP_771,BUILDING,BUILDING,405156.97N,0352747.95E,2340.88,63.98,NO,,NO,,
LTAP_772,BUILDING,BUILDING,405202.00N,0352759.12E,2339.15,44.29,NO,,NO,,
LTAP_773,BUILDING,BUILDING,405025.69N,0352921.09E,1944.22,14.76,NO,,NO,,
LTAP_774,BUILDING,BUILDING,405026.79N,0352920.71E,1946.18,14.76,NO,,NO,,
LTAP_775,BUILDING,BUILDING,405027.29N,0352921.42E,1946.45,14.76,NO,,NO,,
LTAP_776,BUILDING,BUILDING,405026.71N,0352921.32E,1945.80,14.76,NO,,NO,,
LTAP_777,BUILDING,BUILDING,405025.45N,0352920.53E,1943.99,14.76,NO,,NO,,
LTAP_778,BUILDING,BUILDING,405023.15N,0352924.33E,1937.86,14.76,NO,,NO,,
LTAP_779,BUILDING,BUILDING,405024.74N,0352927.26E,1945.91,24.61,NO,,NO,,
LTAP_780,BUILDING,BUILDING,405025.23N,0352926.28E,1947.80,24.61,NO,,NO,,
LTAP_781,BUILDING,BUILDING,405025.47N,0352924.95E,1939.91,14.76,NO,,NO,,
LTAP_782,BUILDING,BUILDING,405025.83N,0352925.16E,1940.09,14.76,NO,,NO,,
LTAP_783,BUILDING,BUILDING,405025.91N,0352924.43E,1941.10,14.76,NO,,NO,,
LTAP_784,BUILDING,BUILDING,405026.37N,0352924.88E,1940.89,14.76,NO,,NO,,
LTAP_785,BUILDING,BUILDING,405026.69N,0352925.98E,1939.87,14.76,NO,,NO,,
LTAP_786,BUILDING,BUILDING,405025.88N,0352927.29E,1936.97,14.76,NO,,NO,,
LTAP_787,BUILDING,BUILDING,405025.47N,0352928.00E,1935.41,14.76,NO,,NO,,
LTAP_788,BUILDING,BUILDING,405024.92N,0352928.79E,1934.03,14.76,NO,,NO,,
LTAP_789,BUILDING,BUILDING,405024.35N,0352928.44E,1934.03,14.76,NO,,NO,,
LTAP_790,BUILDING,BUILDING,405024.58N,0352927.98E,1934.74,14.76,NO,,NO,,
LTAP_791,BUILDING,BUILDING,405203.13N,0352746.26E,2370.94,54.13,NO,,NO,,
LTAP_792,BUILDING,BUILDING,405203.30N,0352747.53E,2359.39,44.29,NO,,NO,,
LTAP_793,BUILDING,BUILDING,405206.32N,0352753.41E,2355.22,34.45,NO,,NO,,
LTAP_794,BUILDING,BUILDING,405205.89N,0352752.98E,2363.88,44.29,NO,,NO,,
LTAP_795,BUILDING,BUILDING,405203.74N,0352752.33E,2343.35,34.45,NO,,NO,,
LTAP_796,BUILDING,BUILDING,405205.84N,0352802.08E,2338.50,54.13,NO,,NO,,
LTAP_797,BUILDING,BUILDING,405205.93N,0352803.09E,2332.57,54.13,NO,,NO,,
LTAP_798,BUILDING,BUILDING,405206.05N,0352804.11E,2327.27,54.13,NO,,NO,,
LTAP_799,BUILDING,BUILDING,405206.10N,0352805.11E,2321.99,54.13,NO,,NO,,
LTAP_800,BUILDING,BUILDING,405211.17N,0352805.44E,2312.94,44.29,NO,,NO,,
LTAP_801,BUILDING,BUILDING,405212.19N,0352804.40E,2320.30,44.29,NO,,NO,,
LTAP_802,BUILDING,BUILDING,405212.62N,0352804.51E,2318.23,44.29,NO,,NO,,
LTAP_803,BUILDING,BUILDING,405211.62N,0352805.60E,2301.81,34.45,NO,,NO,,
LTAP_804,BUILDING,BUILDING,405212.47N,0352805.79E,2319.07,54.13,NO,,NO,,
LTAP_805,BUILDING,BUILDING,405213.94N,0352806.32E,2303.53,44.29,NO,,NO,,
LTAP_806,BUILDING,BUILDING,405213.04N,0352804.72E,2305.82,34.45,NO,,NO,,
LTAP_807,BUILDING,BUILDING,405213.08N,0352807.82E,2284.03,34.45,NO,,NO,,
LTAP_808,BUILDING,BUILDING,405213.26N,0352809.16E,2276.46,34.45,NO,,NO,,
LTAP_809,BUILDING,BUILDING,405214.02N,0352808.83E,2278.38,34.45,NO,,NO,,
LTAP_810,BUILDING,BUILDING,405213.87N,0352807.57E,2286.00,34.45,NO,,NO,,
LTAP_811,BUILDING,BUILDING,405202.93N,0352806.63E,2311.12,54.13,NO,,NO,,
LTAP_812,BUILDING,BUILDING,405202.94N,0352807.52E,2306.44,54.13,NO,,NO,,
LTAP_813,BUILDING,BUILDING,405203.07N,0352808.45E,2301.09,54.13,NO,,NO,,
LTAP_814,BUILDING,BUILDING,405154.07N,0352753.92E,2300.76,34.45,NO,,NO,,
LTAP_815,SILO,BUILDING,405158.92N,0352824.54E,2227.66,29.53,NO,,NO,,
LTAP_816,SILO,BUILDING,405159.34N,0352824.71E,2227.66,29.53,NO,,NO,,
LTAP_817,SILO,BUILDING,405159.79N,0352824.80E,2227.88,29.53,NO,,NO,,
LTAP_818,SILO,BUILDING,405200.20N,0352824.84E,2230.12,29.53,NO,,NO,,
LTAP_819,SILO,BUILDING,405200.21N,0352825.46E,2230.15,29.53,NO,,NO,,
LTAP_820,SILO,BUILDING,405159.72N,0352825.35E,2227.67,29.53,NO,,NO,,
LTAP_821,SILO,BUILDING,405159.34N,0352825.26E,2227.66,29.53,NO,,NO,,
LTAP_822,SILO,BUILDING,405158.86N,0352825.10E,2227.66,29.53,NO,,NO,,
LTAP_823,BUILDING,BUILDING,405200.87N,0352825.00E,2268.50,63.98,NO,,NO,,
LTAP_824,BUILDING,BUILDING,405201.64N,0352825.02E,2263.21,54.13,NO,,NO,,
LTAP_825,MOSQUE,BUILDING,405142.08N,0352836.32E,2199.72,44.29,NO,,NO,,
LTAP_826,MINARET,BUILDING,405142.30N,0352836.49E,2225.18,68.90,NO,,NO,,
LTAP_827,MINARET,BUILDING,405241.86N,0352946.03E,2322.41,49.21,NO,,NO,,
LTAP_828,BUILDING,BUILDING,405215.24N,0352959.06E,2205.46,54.13,NO,,NO,,
LTAP_829,MOSQUE,BUILDING,405218.35N,0353043.47E,2096.19,34.45,NO,,NO,,
LTAP_830,MINARET,BUILDING,405218.44N,0353043.08E,2121.57,59.05,NO,,NO,,
LTAP_831,MINARET,BUILDING,405139.69N,0353052.78E,2018.42,49.21,NO,,NO,,
LTAP_832,BUILDING,BUILDING,405226.52N,0353155.55E,2034.97,54.13,NO,,NO,,
LTAP_833,BUILDING,BUILDING,405224.93N,0353157.05E,2018.11,44.29,NO,,NO,,
LTAP_834,BUILDING,BUILDING,405225.41N,0353156.37E,2010.15,34.45,NO,,NO,,
LTAP_835,BUILDING,BUILDING,405227.77N,0353220.44E,2033.31,54.13,NO,,NO,,
LTAP_836,BUILDING,BUILDING,405227.91N,0353222.46E,2024.19,44.29,NO,,NO,,
LTAP_837,BUILDING,BUILDING,405227.70N,0353221.55E,2013.37,34.45,NO,,NO,,
LTAP_838,SILO,BUILDING,405226.95N,0353224.37E,2003.10,29.53,NO,,NO,,
LTAP_839,SILO,BUILDING,405227.46N,0353224.30E,2005.80,29.53,NO,,NO,,
LTAP_840,SILO,BUILDING,405228.08N,0353224.30E,2009.77,29.53,NO,,NO,,
LTAP_841,MOSQUE,BUILDING,404504.49N,0352123.86E,3207.76,44.29,NO,,NO,,
LTAP_842,MINARET,BUILDING,404504.85N,0352124.02E,3229.70,68.90,NO,,NO,,
LTAP_843,BUILDING,BUILDING,405200.63N,0353202.07E,1945.50,14.76,NO,,NO,,
LTAP_844,BUILDING,BUILDING,405202.79N,0353206.75E,1945.26,14.76,NO,,NO,,
LTAP_845,BUILDING,BUILDING,405202.96N,0353207.42E,1945.06,14.76,NO,,NO,,
LTAP_846,BUILDING,BUILDING,405202.25N,0353207.15E,1943.90,14.76,NO,,NO,,
LTAP_847,BUILDING,BUILDING,405201.77N,0353207.38E,1942.78,14.76,NO,,NO,,
LTAP_848,BUILDING,BUILDING,405157.99N,0353204.61E,1938.55,14.76,NO,,NO,,
LTAP_849,BUILDING,BUILDING,405156.20N,0353156.06E,1953.62,24.61,NO,,NO,,
LTAP_850,MOSQUE,BUILDING,405146.52N,0353150.12E,1942.71,24.61,NO,,NO,,
LTAP_851,MINARET,BUILDING,405146.69N,0353149.72E,1968.10,49.21,NO,,NO,,
LTAP_852,BUILDING,BUILDING,405147.35N,0353140.25E,1943.69,14.76,NO,,NO,,
LTAP_853,BUILDING,BUILDING,405145.58N,0353144.01E,1938.57,14.76,NO,,NO,,
LTAP_854,BUILDING,BUILDING,405146.10N,0353145.04E,1937.81,14.76,NO,,NO,,
LTAP_855,BUILDING,BUILDING,405146.29N,0353143.94E,1939.09,14.76,NO,,NO,,
LTAP_856,BUILDING,BUILDING,405146.27N,0353145.75E,1937.18,14.76,NO,,NO,,
LTAP_857,BUILDING,BUILDING,405146.56N,0353146.08E,1937.04,14.76,NO,,NO,,
LTAP_858,BUILDING,BUILDING,405146.68N,0353146.43E,1937.01,14.76,NO,,NO,,
LTAP_859,BUILDING,BUILDING,405146.73N,0353146.86E,1936.88,14.76,NO,,NO,,
LTAP_860,BUILDING,BUILDING,405146.76N,0353147.16E,1936.76,14.76,NO,,NO,,
LTAP_861,BUILDING,BUILDING,405146.86N,0353147.54E,1946.32,24.61,NO,,NO,,
LTAP_862,BUILDING,BUILDING,405147.71N,0353145.22E,1939.52,14.76,NO,,NO,,
LTAP_863,BUILDING,BUILDING,405148.20N,0353145.52E,1940.24,14.76,NO,,NO,,
LTAP_864,BUILDING,BUILDING,405148.68N,0353145.66E,1940.88,14.76,NO,,NO,,
LTAP_865,BUILDING,BUILDING,405149.08N,0353146.22E,1940.70,14.76,NO,,NO,,
LTAP_866,BUILDING,BUILDING,405147.93N,0353145.75E,1939.63,14.76,NO,,NO,,
LTAP_867,BUILDING,BUILDING,405147.57N,0353145.84E,1938.93,14.76,NO,,NO,,
LTAP_868,BUILDING,BUILDING,405147.72N,0353146.51E,1938.72,14.76,NO,,NO,,
LTAP_869,BUILDING,BUILDING,405148.01N,0353147.09E,1938.36,14.76,NO,,NO,,
LTAP_870,BUILDING,BUILDING,405147.42N,0353146.68E,1938.15,14.76,NO,,NO,,
LTAP_871,BUILDING,BUILDING,405147.18N,0353145.17E,1938.57,14.76,NO,,NO,,
LTAP_872,BUILDING,BUILDING,405146.27N,0353147.12E,1935.92,14.76,NO,,NO,,
LTAP_873,BUILDING,BUILDING,405146.15N,0353147.75E,1935.34,14.76,NO,,NO,,
LTAP_874,BUILDING,BUILDING,405145.53N,0353147.35E,1935.01,14.76,NO,,NO,,
LTAP_875,BUILDING,BUILDING,405144.73N,0353147.91E,1934.01,14.76,NO,,NO,,
LTAP_876,BUILDING,BUILDING,405145.31N,0353148.08E,1934.11,14.76,NO,,NO,,
LTAP_877,BUILDING,BUILDING,405145.59N,0353148.09E,1934.25,14.76,NO,,NO,,
LTAP_878,BUILDING,BUILDING,405145.51N,0353148.64E,1933.62,14.76,NO,,NO,,
LTAP_879,BUILDING,BUILDING,405146.07N,0353148.59E,1934.26,14.76,NO,,NO,,
LTAP_880,BUILDING,BUILDING,405146.55N,0353148.70E,1944.53,24.61,NO,,NO,,
LTAP_881,BUILDING,BUILDING,405147.47N,0353148.12E,1936.50,14.76,NO,,NO,,
LTAP_882,BUILDING,BUILDING,405147.71N,0353147.88E,1937.09,14.76,NO,,NO,,
LTAP_883,BUILDING,BUILDING,405147.62N,0353147.51E,1937.39,14.76,NO,,NO,,
LTAP_884,BUILDING,BUILDING,405147.32N,0353147.54E,1936.99,14.76,NO,,NO,,
LTAP_885,BUILDING,BUILDING,405148.47N,0353147.64E,1938.30,14.76,NO,,NO,,
LTAP_886,BUILDING,BUILDING,405148.68N,0353148.13E,1938.13,14.76,NO,,NO,,
LTAP_887,BUILDING,BUILDING,405149.06N,0353147.19E,1939.58,14.76,NO,,NO,,
LTAP_888,BUILDING,BUILDING,405149.46N,0353147.32E,1940.12,14.76,NO,,NO,,
LTAP_889,BUILDING,BUILDING,405147.42N,0353148.60E,1935.90,14.76,NO,,NO,,
LTAP_890,BUILDING,BUILDING,405147.80N,0353148.81E,1936.12,14.76,NO,,NO,,
LTAP_891,BUILDING,BUILDING,405148.27N,0353149.30E,1936.33,14.76,NO,,NO,,
LTAP_892,BUILDING,BUILDING,405147.49N,0353149.56E,1934.90,14.76,NO,,NO,,
LTAP_893,BUILDING,BUILDING,405147.60N,0353150.28E,1934.32,14.76,NO,,NO,,
LTAP_894,BUILDING,BUILDING,405148.00N,0353150.09E,1935.10,14.76,NO,,NO,,
LTAP_895,BUILDING,BUILDING,405148.73N,0353148.99E,1937.33,14.76,NO,,NO,,
LTAP_896,BUILDING,BUILDING,405148.43N,0353148.46E,1937.42,14.76,NO,,NO,,
LTAP_897,BUILDING,BUILDING,405148.20N,0353148.07E,1937.49,14.76,NO,,NO,,
LTAP_898,BUILDING,BUILDING,405149.78N,0353149.21E,1938.64,14.76,NO,,NO,,
LTAP_899,BUILDING,BUILDING,405150.16N,0353149.50E,1938.82,14.76,NO,,NO,,
LTAP_900,BUILDING,BUILDING,405150.62N,0353150.26E,1939.08,14.76,NO,,NO,,
LTAP_901,BUILDING,BUILDING,405150.38N,0353149.92E,1938.90,14.76,NO,,NO,,
LTAP_902,BUILDING,BUILDING,405150.67N,0353149.59E,1939.65,14.76,NO,,NO,,
LTAP_903,BUILDING,BUILDING,405151.03N,0353150.32E,1939.74,14.76,NO,,NO,,
LTAP_904,BUILDING,BUILDING,405150.34N,0353149.01E,1939.58,14.76,NO,,NO,,
LTAP_905,BUILDING,BUILDING,405149.46N,0353149.58E,1937.80,14.76,NO,,NO,,
LTAP_906,BUILDING,BUILDING,405149.90N,0353149.61E,1938.33,14.76,NO,,NO,,
LTAP_907,BUILDING,BUILDING,405149.24N,0353149.21E,1937.85,14.76,NO,,NO,,
LTAP_908,BUILDING,BUILDING,405149.67N,0353150.03E,1937.58,14.76,NO,,NO,,
LTAP_909,BUILDING,BUILDING,405149.37N,0353150.35E,1936.82,14.76,NO,,NO,,
LTAP_910,BUILDING,BUILDING,405150.21N,0353150.59E,1938.12,14.76,NO,,NO,,
LTAP_911,BUILDING,BUILDING,405149.85N,0353151.10E,1937.10,14.76,NO,,NO,,
LTAP_912,BUILDING,BUILDING,405149.18N,0353150.62E,1936.28,14.76,NO,,NO,,
LTAP_913,BUILDING,BUILDING,405149.27N,0353150.97E,1936.19,14.76,NO,,NO,,
LTAP_914,BUILDING,BUILDING,405148.57N,0353150.53E,1935.50,14.76,NO,,NO,,
LTAP_915,BUILDING,BUILDING,405148.88N,0353151.30E,1935.26,14.76,NO,,NO,,
LTAP_916,BUILDING,BUILDING,405149.05N,0353150.04E,1936.71,14.76,NO,,NO,,
LTAP_917,BUILDING,BUILDING,405151.00N,0353151.00E,1939.17,14.76,NO,,NO,,
LTAP_918,BUILDING,BUILDING,405151.50N,0353151.02E,1939.95,14.76,NO,,NO,,
LTAP_919,BUILDING,BUILDING,405151.69N,0353151.39E,1939.91,14.76,NO,,NO,,
LTAP_920,BUILDING,BUILDING,405151.29N,0353151.58E,1939.09,14.76,NO,,NO,,
LTAP_921,BUILDING,BUILDING,405150.45N,0353150.96E,1938.25,14.76,NO,,NO,,
LTAP_922,BUILDING,BUILDING,405148.87N,0353151.93E,1934.74,14.76,NO,,NO,,
LTAP_923,BUILDING,BUILDING,405149.37N,0353151.58E,1935.89,14.76,NO,,NO,,
LTAP_924,BUILDING,BUILDING,405149.63N,0353151.98E,1936.01,14.76,NO,,NO,,
LTAP_925,BUILDING,BUILDING,405148.11N,0353151.80E,1933.40,14.76,NO,,NO,,
LTAP_926,BUILDING,BUILDING,405147.62N,0353151.46E,1932.79,14.76,NO,,NO,,
LTAP_927,BUILDING,BUILDING,405147.88N,0353151.36E,1933.49,14.76,NO,,NO,,
LTAP_928,BUILDING,BUILDING,405146.80N,0353150.60E,1932.58,14.76,NO,,NO,,
LTAP_929,BUILDING,BUILDING,405145.47N,0353149.15E,1932.84,14.76,NO,,NO,,
LTAP_930,BUILDING,BUILDING,405145.12N,0353149.18E,1932.46,14.76,NO,,NO,,
LTAP_931,BUILDING,BUILDING,405145.04N,0353148.68E,1933.18,14.76,NO,,NO,,
LTAP_932,BUILDING,BUILDING,405143.37N,0353151.00E,1938.04,24.61,NO,,NO,,
LTAP_933,BUILDING,BUILDING,405146.13N,0353150.92E,1941.06,24.61,NO,,NO,,
LTAP_934,BUILDING,BUILDING,405146.56N,0353154.07E,1936.75,24.61,NO,,NO,,
LTAP_935,BUILDING,BUILDING,405148.27N,0353152.14E,1933.39,14.76,NO,,NO,,
LTAP_936,BUILDING,BUILDING,405148.72N,0353150.85E,1935.38,14.76,NO,,NO,,
LTAP_937,BUILDING,BUILDING,405149.85N,0353152.62E,1935.88,14.76,NO,,NO,,
LTAP_938,BUILDING,BUILDING,405149.56N,0353153.05E,1935.10,14.76,NO,,NO,,
LTAP_939,BUILDING,BUILDING,405150.26N,0353153.04E,1936.37,14.76,NO,,NO,,
LTAP_940,BUILDING,BUILDING,405150.36N,0353153.44E,1936.33,14.76,NO,,NO,,
LTAP_941,BUILDING,BUILDING,405150.53N,0353153.77E,1936.45,14.76,NO,,NO,,
LTAP_942,BUILDING,BUILDING,405150.21N,0353154.07E,1935.69,14.76,NO,,NO,,
LTAP_943,BUILDING,BUILDING,405150.80N,0353154.28E,1936.62,14.76,NO,,NO,,
LTAP_944,BUILDING,BUILDING,405150.85N,0353153.12E,1937.40,14.76,NO,,NO,,
LTAP_945,BUILDING,BUILDING,405151.08N,0353153.89E,1947.16,24.61,NO,,NO,,
LTAP_946,BUILDING,BUILDING,405151.52N,0353153.80E,1938.17,14.76,NO,,NO,,
LTAP_947,BUILDING,BUILDING,405151.30N,0353153.41E,1937.98,14.76,NO,,NO,,
LTAP_948,BUILDING,BUILDING,405151.61N,0353153.17E,1938.65,14.76,NO,,NO,,
LTAP_949,BUILDING,BUILDING,405152.07N,0353152.81E,1939.68,14.76,NO,,NO,,
LTAP_950,BUILDING,BUILDING,405151.72N,0353152.66E,1939.23,14.76,NO,,NO,,
LTAP_951,BUILDING,BUILDING,405151.58N,0353152.02E,1939.36,14.76,NO,,NO,,
LTAP_952,BUILDING,BUILDING,405149.99N,0353153.30E,1935.74,14.76,NO,,NO,,
LTAP_953,BUILDING,BUILDING,405149.29N,0353153.84E,1934.14,14.76,NO,,NO,,
LTAP_954,BUILDING,BUILDING,405148.84N,0353153.17E,1933.57,14.76,NO,,NO,,
LTAP_955,BUILDING,BUILDING,405149.04N,0353153.42E,1933.88,14.76,NO,,NO,,
LTAP_956,BUILDING,BUILDING,405149.08N,0353154.23E,1933.27,14.76,NO,,NO,,
LTAP_957,BUILDING,BUILDING,405150.05N,0353154.69E,1935.04,14.76,NO,,NO,,
LTAP_958,BUILDING,BUILDING,405149.57N,0353154.55E,1934.25,14.76,NO,,NO,,
LTAP_959,BUILDING,BUILDING,405149.34N,0353154.57E,1933.71,14.76,NO,,NO,,
LTAP_960,BUILDING,BUILDING,405150.73N,0353155.01E,1936.14,14.76,NO,,NO,,
LTAP_961,BUILDING,BUILDING,405150.38N,0353155.06E,1935.48,14.76,NO,,NO,,
LTAP_962,BUILDING,BUILDING,405151.03N,0353155.36E,1936.49,14.76,NO,,NO,,
LTAP_963,BUILDING,BUILDING,405150.81N,0353155.64E,1935.93,14.76,NO,,NO,,
LTAP_964,BUILDING,BUILDING,405150.98N,0353156.12E,1935.83,14.76,NO,,NO,,
LTAP_965,BUILDING,BUILDING,405151.39N,0353155.71E,1936.75,14.76,NO,,NO,,
LTAP_966,BUILDING,BUILDING,405152.41N,0353153.47E,1939.96,14.76,NO,,NO,,
LTAP_967,BUILDING,BUILDING,405153.39N,0353152.66E,1942.03,14.76,NO,,NO,,
LTAP_968,BUILDING,BUILDING,405152.08N,0353152.14E,1940.20,14.76,NO,,NO,,
LTAP_969,BUILDING,BUILDING,405152.46N,0353152.44E,1940.56,14.76,NO,,NO,,
LTAP_970,BUILDING,BUILDING,405153.67N,0353153.14E,1942.08,14.76,NO,,NO,,
LTAP_971,BUILDING,BUILDING,405153.92N,0353153.97E,1941.83,14.76,NO,,NO,,
LTAP_972,BUILDING,BUILDING,405153.45N,0353154.13E,1941.02,14.76,NO,,NO,,
LTAP_973,BUILDING,BUILDING,405153.22N,0353153.92E,1940.82,14.76,NO,,NO,,
LTAP_974,BUILDING,BUILDING,405152.90N,0353153.81E,1940.42,14.76,NO,,NO,,
LTAP_975,BUILDING,BUILDING,405152.87N,0353154.39E,1939.95,14.76,NO,,NO,,
LTAP_976,BUILDING,BUILDING,405152.25N,0353154.46E,1938.97,14.76,NO,,NO,,
LTAP_977,BUILDING,BUILDING,405152.51N,0353154.08E,1939.63,14.76,NO,,NO,,
LTAP_978,BUILDING,BUILDING,405152.12N,0353154.11E,1939.03,14.76,NO,,NO,,
LTAP_979,BUILDING,BUILDING,405152.63N,0353154.75E,1939.31,14.76,NO,,NO,,
LTAP_980,BUILDING,BUILDING,405152.08N,0353155.15E,1938.20,14.76,NO,,NO,,
LTAP_981,BUILDING,BUILDING,405152.38N,0353155.12E,1938.67,14.76,NO,,NO,,
LTAP_982,BUILDING,BUILDING,405152.42N,0353155.52E,1938.43,14.76,NO,,NO,,
LTAP_983,BUILDING,BUILDING,405153.65N,0353154.92E,1940.72,14.76,NO,,NO,,
LTAP_984,BUILDING,BUILDING,405153.51N,0353154.47E,1940.84,14.76,NO,,NO,,
LTAP_985,BUILDING,BUILDING,405154.13N,0353154.52E,1941.73,14.76,NO,,NO,,
LTAP_986,BUILDING,BUILDING,405154.37N,0353154.84E,1941.86,14.76,NO,,NO,,
LTAP_987,BUILDING,BUILDING,405154.02N,0353154.95E,1941.26,14.76,NO,,NO,,
LTAP_988,BUILDING,BUILDING,405155.01N,0353157.51E,1941.00,14.76,NO,,NO,,
LTAP_989,BUILDING,BUILDING,405154.67N,0353157.49E,1940.59,14.76,NO,,NO,,
LTAP_990,BUILDING,BUILDING,405155.18N,0353159.45E,1939.07,14.76,NO,,NO,,
LTAP_991,BUILDING,BUILDING,405154.96N,0353158.15E,1940.20,14.76,NO,,NO,,
LTAP_992,BUILDING,BUILDING,405155.03N,0353158.69E,1939.65,14.76,NO,,NO,,
LTAP_993,BUILDING,BUILDING,405154.08N,0353158.33E,1938.85,14.76,NO,,NO,,
LTAP_994,BUILDING,BUILDING,405154.16N,0353158.79E,1938.42,14.76,NO,,NO,,
LTAP_995,BUILDING,BUILDING,405153.82N,0353159.37E,1937.31,14.76,NO,,NO,,
LTAP_996,BUILDING,BUILDING,405153.68N,0353159.76E,1936.67,14.76,NO,,NO,,
LTAP_997,BUILDING,BUILDING,405154.29N,0353159.34E,1937.95,14.76,NO,,NO,,
LTAP_998,BUILDING,BUILDING,405154.33N,0353159.86E,1937.45,14.76,NO,,NO,,
LTAP_999,BUILDING,BUILDING,405154.46N,0353200.23E,1937.18,14.76,NO,,NO,,
LTAP_1000,BUILDING,BUILDING,405154.48N,0353200.50E,1936.91,14.76,NO,,NO,,
LTAP_1001,BUILDING,BUILDING,405154.54N,0353201.04E,1936.53,14.76,NO,,NO,,
LTAP_1002,BUILDING,BUILDING,405154.62N,0353201.52E,1936.24,14.76,NO,,NO,,
LTAP_1003,BUILDING,BUILDING,405154.04N,0353201.62E,1935.21,14.76,NO,,NO,,
LTAP_1004,BUILDING,BUILDING,405154.18N,0353201.27E,1935.73,14.76,NO,,NO,,
LTAP_1005,BUILDING,BUILDING,405153.83N,0353200.88E,1935.57,14.76,NO,,NO,,
LTAP_1006,BUILDING,BUILDING,405152.90N,0353155.35E,1949.13,24.61,NO,,NO,,
LTAP_1007,BUILDING,BUILDING,405151.76N,0353156.53E,1936.73,14.76,NO,,NO,,
LTAP_1008,BUILDING,BUILDING,405151.97N,0353157.18E,1936.64,14.76,NO,,NO,,
LTAP_1009,BUILDING,BUILDING,405151.82N,0353157.84E,1935.98,14.76,NO,,NO,,
LTAP_1010,BUILDING,BUILDING,405150.64N,0353157.79E,1934.22,14.76,NO,,NO,,
LTAP_1011,BUILDING,BUILDING,405150.47N,0353158.19E,1933.36,14.76,NO,,NO,,
LTAP_1012,BUILDING,BUILDING,405151.25N,0353159.46E,1933.88,14.76,NO,,NO,,
LTAP_1013,BUILDING,BUILDING,405151.29N,0353159.96E,1933.09,14.76,NO,,NO,,
LTAP_1014,BUILDING,BUILDING,405151.79N,0353159.55E,1934.49,14.76,NO,,NO,,
LTAP_1015,BUILDING,BUILDING,405152.07N,0353158.70E,1935.80,14.76,NO,,NO,,
LTAP_1016,BUILDING,BUILDING,405151.81N,0353159.05E,1935.10,14.76,NO,,NO,,
LTAP_1017,BUILDING,BUILDING,405151.75N,0353158.76E,1935.30,14.76,NO,,NO,,
LTAP_1018,BUILDING,BUILDING,405151.56N,0353200.29E,1933.16,14.76,NO,,NO,,
LTAP_1019,BUILDING,BUILDING,405148.60N,0353201.76E,1932.75,24.61,NO,,NO,,
LTAP_1020,BUILDING,BUILDING,405150.03N,0353157.13E,1933.37,14.76,NO,,NO,,
LTAP_1021,BUILDING,BUILDING,405150.25N,0353156.85E,1934.24,14.76,NO,,NO,,
LTAP_1022,BUILDING,BUILDING,405152.28N,0353159.65E,1944.84,24.61,NO,,NO,,
LTAP_1023,BUILDING,BUILDING,405155.17N,0353205.06E,1934.06,14.76,NO,,NO,,
LTAP_1024,BUILDING,BUILDING,405157.76N,0353207.01E,1935.26,14.76,NO,,NO,,
LTAP_1025,BUILDING,BUILDING,405157.63N,0353213.78E,1936.23,14.76,NO,,NO,,
LTAP_1026,BUILDING,BUILDING,405156.27N,0353213.88E,1934.08,14.76,NO,,NO,,
LTAP_1027,BUILDING,BUILDING,405152.52N,0353156.75E,1937.75,14.76,NO,,NO,,
LTAP_1028,BUILDING,BUILDING,405152.79N,0353157.94E,1937.40,14.76,NO,,NO,,
LTAP_1029,BUILDING,BUILDING,405152.08N,0353159.16E,1935.31,14.76,NO,,NO,,
LTAP_1030,BUILDING,BUILDING,405152.41N,0353159.16E,1935.74,14.76,NO,,NO,,
LTAP_1031,BUILDING,BUILDING,405155.22N,0353200.01E,1938.56,14.76,NO,,NO,,
LTAP_1032,BUILDING,BUILDING,405150.72N,0353159.14E,1932.86,14.76,NO,,NO,,
LTAP_1033,BUILDING,BUILDING,405147.80N,0353149.36E,1935.57,14.76,NO,,NO,,
LTAP_1034,BUILDING,BUILDING,405148.47N,0353149.73E,1936.18,14.76,NO,,NO,,
LTAP_1035,BUILDING,BUILDING,405147.44N,0353152.59E,1940.70,24.61,NO,,NO,,
LTAP_1036,BUILDING,BUILDING,405150.87N,0353152.48E,1947.65,24.61,NO,,NO,,
LTAP_1037,BUILDING,BUILDING,405150.10N,0353152.53E,1936.38,14.76,NO,,NO,,
LTAP_1038,BUILDING,BUILDING,405153.16N,0353156.79E,1938.69,14.76,NO,,NO,,
LTAP_1039,MOSQUE,BUILDING,405322.17N,0353234.52E,2275.23,44.29,NO,,NO,,
LTAP_1040,MINARET,BUILDING,405322.43N,0353234.33E,2299.84,68.90,NO,,NO,,
LTAP_1041,BUILDING,BUILDING,405147.47N,0353144.51E,1939.43,14.76,NO,,NO,,
LTAP_1042,BUILDING,BUILDING,405147.16N,0353145.80E,1938.21,14.76,NO,,NO,,
LTAP_1043,BUILDING,BUILDING,405147.42N,0353147.09E,1937.66,14.76,NO,,NO,,
LTAP_1044,BUILDING,BUILDING,405148.16N,0353149.90E,1935.54,14.76,NO,,NO,,
LTAP_1045,BUILDING,BUILDING,405150.88N,0353151.61E,1938.40,14.76,NO,,NO,,
LTAP_1046,BUILDING,BUILDING,405154.17N,0353200.69E,1936.25,14.76,NO,,NO,,
LTAP_1047,BUILDING,BUILDING,405150.73N,0353156.40E,1935.24,14.76,NO,,NO,,
LTAP_1048,BUILDING,BUILDING,405151.30N,0353158.94E,1934.49,14.76,NO,,NO,,
LTAP_1049,BUILDING,BUILDING,405146.15N,0353144.44E,1938.46,14.76,NO,,NO,,
LTAP_1050,BUILDING,BUILDING,405146.67N,0353144.20E,1939.08,14.76,NO,,NO,,
LTAP_1051,BUILDING,BUILDING,405148.10N,0353146.27E,1939.47,14.76,NO,,NO,,
LTAP_1052,BUILDING,BUILDING,405151.48N,0353157.15E,1935.91,14.76,NO,,NO,,
LTAP_1053,BUILDING,BUILDING,405146.71N,0353149.25E,1934.26,14.76,NO,,NO,,
LTAP_1054,BUILDING,BUILDING,405311.38N,0353619.07E,2278.14,24.61,NO,,NO,,
LTAP_1055,BUILDING,BUILDING,405311.43N,0353625.31E,2282.08,14.76,NO,,NO,,
LTAP_1056,BUILDING,BUILDING,405120.80N,0352723.05E,2172.45,14.76,NO,,NO,,
LTAP_1057,MAST,POLE,405124.38N,0352756.75E,2198.88,32.81,NO,,NO,,
LTAP_1058,MAST,POLE,405122.41N,0352753.19E,2186.96,32.81,NO,,NO,,
LTAP_1059,MAST,POLE,405120.71N,0352749.75E,2176.38,32.81,NO,,NO,,
LTAP_1060,MAST,POLE,405118.52N,0352746.01E,2165.33,32.81,NO,,NO,,
LTAP_1061,MAST,POLE,405102.42N,0352729.13E,2092.00,32.81,NO,,NO,,
LTAP_1062,MAST,POLE,405102.03N,0352736.44E,2089.45,32.81,NO,,NO,,
LTAP_1063,MAST,POLE,405101.55N,0352745.24E,2086.21,32.81,NO,,NO,,
LTAP_1064,HIGH VOLTAGE MAST,POLE,405304.11N,0352952.81E,2526.22,98.42,NO,,NO,,
LTAP_1065,HIGH VOLTAGE MAST,POLE,405303.16N,0353006.69E,2493.41,98.42,NO,,NO,,
LTAP_1066,MAST,POLE,405303.21N,0352937.99E,2460.60,32.81,NO,,NO,,
LTAP_1067,MAST,POLE,405257.16N,0352937.48E,2425.15,32.81,NO,,NO,,
LTAP_1068,HIGH VOLTAGE MAST,POLE,405301.14N,0353033.63E,2460.60,98.42,NO,,NO,,
LTAP_1069,HIGH VOLTAGE MAST,POLE,405257.82N,0353047.64E,2362.18,98.42,NO,,NO,,
LTAP_1070,HIGH VOLTAGE MAST,POLE,405254.48N,0353102.80E,2230.94,98.42,NO,,NO,,
LTAP_1071,HIGH VOLTAGE MAST,POLE,405249.00N,0353126.37E,2184.21,98.42,NO,,NO,,
LTAP_1072,HIGH VOLTAGE MAST,POLE,405245.83N,0353140.25E,2134.06,98.42,NO,,NO,,
LTAP_1073,HIGH VOLTAGE MAST,POLE,405243.03N,0353152.07E,2140.54,98.42,NO,,NO,,
LTAP_1074,HIGH VOLTAGE MAST,POLE,405240.33N,0353203.91E,2120.54,98.42,NO,,NO,,
LTAP_1075,HIGH VOLTAGE MAST,POLE,405237.47N,0353216.20E,2109.72,98.42,NO,,NO,,
LTAP_1076,HIGH VOLTAGE MAST,POLE,405234.34N,0353229.74E,2100.29,98.42,NO,,NO,,
LTAP_1077,HIGH VOLTAGE MAST,POLE,405231.08N,0353243.57E,2084.10,98.42,NO,,NO,,
LTAP_1078,HIGH VOLTAGE MAST,POLE,405230.90N,0353253.18E,2072.09,98.42,NO,,NO,,
LTAP_1079,HIGH VOLTAGE MAST,POLE,405251.27N,0353115.84E,2212.29,98.42,NO,,NO,,
LTAP_1080,HIGH VOLTAGE MAST,POLE,405225.50N,0353257.53E,2048.45,98.42,NO,,NO,,
LTAP_1081,HIGH VOLTAGE MAST,POLE,405206.27N,0353313.40E,1950.50,98.42,NO,,NO,,
LTAP_1082,HIGH VOLTAGE MAST,POLE,405214.59N,0353306.61E,1975.14,98.42,NO,,NO,,
LTAP_1083,HIGH VOLTAGE MAST,POLE,405033.82N,0353414.60E,1935.66,98.42,NO,,NO,,
LTAP_1084,HIGH VOLTAGE MAST,POLE,405018.44N,0353420.48E,2096.14,98.42,NO,,NO,,
LTAP_1085,HIGH VOLTAGE MAST,POLE,405011.93N,0353423.15E,2080.39,98.42,NO,,NO,,
LTAP_1086,HIGH VOLTAGE MAST,POLE,405001.55N,0353426.96E,2016.79,98.42,NO,,NO,,
LTAP_1087,HIGH VOLTAGE MAST,POLE,404950.78N,0353431.14E,2001.29,98.42,NO,,NO,,
LTAP_1088,HIGH VOLTAGE MAST,POLE,404938.07N,0353436.13E,2073.97,98.42,NO,,NO,,
LTAP_1089,HIGH VOLTAGE MAST,POLE,404928.38N,0353439.82E,2122.05,98.42,NO,,NO,,
LTAP_1090,HIGH VOLTAGE MAST,POLE,404917.67N,0353444.04E,2131.22,98.42,NO,,NO,,
LTAP_1091,HIGH VOLTAGE MAST,POLE,404908.20N,0353447.91E,2097.34,98.42,NO,,NO,,
LTAP_1092,HIGH VOLTAGE MAST,POLE,404859.52N,0353451.61E,2034.10,98.42,NO,,NO,,
LTAP_1093,MEDIUM VOLTAGE MAST,POLE,405317.96N,0353125.40E,2427.79,98.42,NO,,NO,,
LTAP_1094,MEDIUM VOLTAGE MAST,POLE,405315.53N,0353137.65E,2280.16,82.02,NO,,NO,,
LTAP_1095,MEDIUM VOLTAGE MAST,POLE,405319.32N,0353118.39E,2378.35,82.02,NO,,NO,,
LTAP_1096,MEDIUM VOLTAGE MAST,POLE,405321.01N,0353109.66E,2406.56,82.02,NO,,NO,,
LTAP_1097,MEDIUM VOLTAGE MAST,POLE,405322.67N,0353101.43E,2444.20,82.02,NO,,NO,,
LTAP_1098,MEDIUM VOLTAGE MAST,POLE,405324.70N,0353051.03E,2444.82,82.02,NO,,NO,,
LTAP_1099,MEDIUM VOLTAGE MAST,POLE,405326.81N,0353040.67E,2432.23,82.02,NO,,NO,,
LTAP_1100,MEDIUM VOLTAGE MAST,POLE,405312.06N,0353154.72E,2295.56,82.02,NO,,NO,,
LTAP_1101,MEDIUM VOLTAGE MAST,POLE,405310.90N,0353200.67E,2271.65,82.02,NO,,NO,,
LTAP_1102,MEDIUM VOLTAGE MAST,POLE,405308.57N,0353212.26E,2236.77,82.02,NO,,NO,,
LTAP_1103,MEDIUM VOLTAGE MAST,POLE,405306.53N,0353221.93E,2222.97,82.02,NO,,NO,,
LTAP_1104,MEDIUM VOLTAGE MAST,POLE,405302.82N,0353240.88E,2176.13,82.02,NO,,NO,,
LTAP_1105,MEDIUM VOLTAGE MAST,POLE,405301.28N,0353249.02E,2167.20,82.02,NO,,NO,,
LTAP_1106,MEDIUM VOLTAGE MAST,POLE,405259.15N,0353259.69E,2143.52,82.02,NO,,NO,,
LTAP_1107,MAST,POLE,404929.12N,0352727.83E,1952.08,32.81,NO,,NO,,
LTAP_1108,MAST,POLE,404922.58N,0352727.39E,1933.42,32.81,NO,,NO,,
LTAP_1109,MAST,POLE,404942.38N,0352728.67E,1978.15,32.81,NO,,NO,,
LTAP_1110,MAST,POLE,404941.66N,0352731.18E,1977.01,32.81,NO,,NO,,
LTAP_1111,MAST,POLE,404947.13N,0352731.77E,1984.88,32.81,NO,,NO,,
LTAP_1112,MAST,POLE,404950.49N,0352729.11E,1984.78,32.81,NO,,NO,,
LTAP_1113,MAST,POLE,404950.92N,0352732.38E,1984.88,32.81,NO,,NO,,
LTAP_1114,MAST,POLE,404957.09N,0352733.28E,1984.88,32.81,NO,,NO,,
LTAP_1115,MAST,POLE,405000.06N,0352729.65E,1984.88,32.81,NO,,NO,,
LTAP_1116,MAST,POLE,405007.00N,0352730.09E,1994.53,32.81,NO,,NO,,
LTAP_1117,MAST,POLE,405008.48N,0352731.95E,1998.53,32.81,NO,,NO,,
LTAP_1118,MAST,POLE,405008.67N,0352728.24E,1996.90,32.81,NO,,NO,,
LTAP_1119,MAST,POLE,405008.53N,0352734.34E,2000.88,32.81,NO,,NO,,
LTAP_1120,MAST,POLE,405011.44N,0352724.59E,2002.63,32.81,NO,,NO,,
LTAP_1121,MAST,POLE,405233.68N,0353036.29E,2143.11,32.81,NO,,NO,,
LTAP_1122,MAST,POLE,405231.99N,0353036.81E,2132.58,32.81,NO,,NO,,
LTAP_1123,MAST,POLE,405230.36N,0353036.61E,2132.52,32.81,NO,,NO,,
LTAP_1124,MAST,POLE,405228.69N,0353036.51E,2132.52,32.81,NO,,NO,,
LTAP_1125,MAST,POLE,405223.99N,0353036.69E,2124.32,32.81,NO,,NO,,
LTAP_1126,MAST,POLE,405225.57N,0353036.60E,2126.08,32.81,NO,,NO,,
LTAP_1127,MAST,POLE,405227.15N,0353036.71E,2129.75,32.81,NO,,NO,,
LTAP_1128,MAST,POLE,405221.01N,0353036.96E,2118.75,32.81,NO,,NO,,
LTAP_1129,MAST,POLE,405143.82N,0353100.97E,2017.69,32.81,NO,,NO,,
LTAP_1130,MAST,POLE,405144.96N,0353100.66E,2017.91,32.81,NO,,NO,,
LTAP_1131,MAST,POLE,405145.99N,0353104.93E,2015.35,32.81,NO,,NO,,
LTAP_1132,MAST,POLE,405150.45N,0353113.40E,2001.29,32.81,NO,,NO,,
LTAP_1133,MAST,POLE,405153.01N,0353118.07E,2001.29,32.81,NO,,NO,,
LTAP_1134,MAST,POLE,405155.27N,0353122.06E,2001.29,32.81,NO,,NO,,
LTAP_1135,MAST,POLE,405159.79N,0353130.85E,1997.88,32.81,NO,,NO,,
LTAP_1136,MAST,POLE,405201.98N,0353134.93E,1994.84,32.81,NO,,NO,,
LTAP_1137,MAST,POLE,405031.35N,0352929.94E,1957.63,32.81,NO,,NO,,
LTAP_1138,MAST,POLE,405033.14N,0352926.96E,1964.13,32.81,NO,,NO,,
LTAP_1139,MEDIUM VOLTAGE MAST,POLE,405321.85N,0353330.00E,2312.96,49.21,NO,,NO,,
LTAP_1140,MEDIUM VOLTAGE MAST,POLE,405311.47N,0353342.72E,2211.63,49.21,NO,,NO,,
LTAP_1141,HIGH VOLTAGE MAST,POLE,405125.82N,0353542.75E,2293.97,98.42,NO,,NO,,
LTAP_1142,HIGH VOLTAGE MAST,POLE,405118.00N,0353543.09E,2278.29,98.42,NO,,NO,,
LTAP_1143,HIGH VOLTAGE MAST,POLE,405108.61N,0353543.76E,2312.37,98.42,NO,,NO,,
LTAP_1144,HIGH VOLTAGE MAST,POLE,405100.68N,0353544.20E,2313.21,98.42,NO,,NO,,
LTAP_1145,HIGH VOLTAGE MAST,POLE,405051.76N,0353544.67E,2329.37,98.42,NO,,NO,,
LTAP_1146,HIGH VOLTAGE MAST,POLE,405044.88N,0353544.98E,2300.96,98.42,NO,,NO,,
LTAP_1147,HIGH VOLTAGE MAST,POLE,405038.03N,0353545.48E,2302.20,98.42,NO,,NO,,
LTAP_1148,HIGH VOLTAGE MAST,POLE,405033.92N,0353544.16E,2299.32,98.42,NO,,NO,,
LTAP_1149,HIGH VOLTAGE MAST,POLE,405024.30N,0353546.24E,2231.48,98.42,NO,,NO,,
LTAP_1150,HIGH VOLTAGE MAST,POLE,405007.07N,0353552.15E,2198.14,98.42,NO,,NO,,
LTAP_1151,HIGH VOLTAGE MAST,POLE,405010.73N,0353547.19E,2212.93,98.42,NO,,NO,,
LTAP_1152,MAST,POLE,405021.41N,0352940.34E,1935.57,32.81,NO,,NO,,
LTAP_1153,MAST,POLE,405018.61N,0352941.11E,1932.79,32.81,NO,,NO,,
LTAP_1154,MAST,POLE,405024.34N,0352938.80E,1938.00,32.81,NO,,NO,,
LTAP_1155,MAST,POLE,405026.68N,0352936.35E,1943.68,32.81,NO,,NO,,
LTAP_1156,MAST,POLE,405037.19N,0352920.68E,1982.52,32.81,NO,,NO,,
LTAP_1157,MAST,POLE,405039.34N,0352917.20E,1989.65,32.81,NO,,NO,,
LTAP_1158,MAST,POLE,405046.28N,0352906.27E,2002.83,32.81,NO,,NO,,
LTAP_1159,MAST,POLE,405051.49N,0352858.17E,2020.93,32.81,NO,,NO,,
LTAP_1160,SURVEILLANCE TWR,TOWER,404916.40N,0353034.69E,1790.11,11.15,YES,RED,NO,,
LTAP_1161,SURVEILLANCE TWR,TOWER,405008.24N,0353209.72E,1766.74,7.78,YES,RED,NO,,
LTAP_1162,NET BARRIER STUD,BUILDING,404915.75N,0353027.52E,1793.30,7.54,YES,RED,NO,,
LTAP_1163,NET BARRIER STUD,BUILDING,404918.54N,0353024.94E,1795.58,7.54,YES,RED,NO,,
LTAP_1164,HOOK BARRIER STUD,BUILDING,405009.69N,0353207.37E,1769.55,7.54,YES,RED,NO,,
LTAP_1165,HOOK BARRIER STUD,BUILDING,405012.49N,0353204.77E,1775.35,7.74,YES,RED,NO,,
LTAP_1166,HOOK BARRIER STUD,BUILDING,404925.03N,0353044.96E,1784.78,7.64,YES,RED,NO,,
LTAP_1167,HOOK BARRIER STUD,BUILDING,404928.02N,0353042.18E,1792.12,7.54,YES,RED,NO,,
LTAP_1168,BUILDING,BUILDING,405158.82N,0352758.24E,2293.30,34.45,NO,,NO,,
LTAP_1169,BUILDING,BUILDING,405158.80N,0352801.09E,2286.47,34.45,NO,,NO,,
LTAP_1170,BUILDING,BUILDING,405158.36N,0352748.49E,2322.47,39.37,NO,,NO,,
LTAP_1171,BUILDING,BUILDING,405132.68N,0352832.91E,2131.39,32.81,NO,,NO,,
LTAP_1172,BUILDING,BUILDING,405130.09N,0352825.25E,2127.72,32.81,NO,,NO,,
LTAP_1173,MOSQUE,BUILDING,405137.61N,0352732.73E,2237.66,59.05,NO,,NO,,
LTAP_1174,BUILDING,BUILDING,405147.72N,0352730.29E,2268.29,34.45,NO,,NO,,
LTAP_1175,BUILDING,BUILDING,405048.57N,0352802.26E,2011.13,34.45,NO,,NO,,
LTAP_1176,BUILDING,BUILDING,405048.78N,0352759.44E,2011.13,32.81,NO,,NO,,
LTAP_1177,BUILDING,BUILDING,405048.44N,0352746.18E,2012.56,34.45,NO,,NO,,
LTAP_1178,BUILDING,BUILDING,405035.85N,0352747.42E,1994.73,34.45,NO,,NO,,
LTAP_1179,BUILDING,BUILDING,405008.28N,0352738.64E,2022.61,54.13,NO,,NO,,
LTAP_1180,BASE STATION,OTHER,405133.52N,0353542.03E,2263.75,82.02,NO,,NO,,
LTAP_1181,BASE STATION,OTHER,405134.04N,0353542.92E,2272.44,98.42,NO,,NO,,
LTAP_1182,GP ANTENNA,ANTENNA,404928.32N,0353037.13E,1820.84,32.81,NO,,NO,,
LTAP_1183,TACAN ANTENNA,ANTENNA,404931.04N,0353035.46E,1819.01,29.53,YES,RED,NO,,
LTAP_1184,HOOK BARRIER STUD,BUILDING,404934.34N,0353035.38E,1798.09,7.71,YES,RED,NO,,
LTAP_1185,HOOK BARRIER STUD,BUILDING,404937.32N,0353032.63E,1800.04,7.55,YES,RED,NO,,
LTAP_1186,BUILDING,BUILDING,404947.33N,0353105.42E,1783.36,16.40,YES,RED,NO,,
LTAP_1187,RAPCON,BUILDING,404946.93N,0353104.68E,1787.54,19.68,NO,,NO,,
LTAP_1188,TREE,TREE,404947.36N,0353104.47E,1784.39,16.40,NO,,NO,,
LTAP_1189,BUILDING,BUILDING,404945.86N,0353106.48E,1780.92,14.76,NO,,NO,,
LTAP_1190,BUILDING,BUILDING,404946.08N,0353106.29E,1781.07,14.76,NO,,NO,,
LTAP_1191,BUILDING,BUILDING,404946.28N,0353105.56E,1781.82,14.76,YES,RED,NO,,
LTAP_1192,TREE,TREE,404947.28N,0353103.42E,1785.57,16.40,NO,,NO,,
LTAP_1193,TREE,TREE,404946.29N,0353104.05E,1785.12,16.40,NO,,NO,,
LTAP_1194,TREE,TREE,404948.23N,0353105.00E,1783.95,16.40,NO,,NO,,
LTAP_1195,TREE,TREE,404947.99N,0353105.26E,1783.63,16.40,NO,,NO,,
LTAP_1196,TREE,TREE,404945.70N,0353107.12E,1781.89,16.40,NO,,NO,,
LTAP_1197,TREE,TREE,404945.21N,0353105.21E,1784.12,16.40,NO,,NO,,
LTAP_1198,TREE,TREE,404945.51N,0353105.02E,1784.24,16.40,NO,,NO,,
LTAP_1199,HOOK BARRIER STUD,BUILDING,405019.08N,0353158.13E,1785.45,7.74,YES,RED,NO,,
LTAP_1200,HOOK BARRIER STUD,BUILDING,405022.02N,0353155.42E,1789.65,7.81,YES,RED,NO,,
LTAP_1201,B6 WIND SOCK,OTHER,405022.77N,0353213.45E,1800.55,22.12,NO,,NO,,
LTAP_1202,NET BARRIER ,BUILDING,405020.94N,0353220.43E,1776.99,7.81,YES,RED,NO,,
LTAP_1203,NET BARRIER ,BUILDING,405018.12N,0353223.03E,1771.99,7.78,YES,RED,NO,,
LTAP_1204,BETON BARIYER,BUILDING,405015.38N,0353224.02E,1771.32,10.50,YES,RED,NO,,
LTAP_1205,BETON BARIYER,BUILDING,405014.35N,0353223.69E,1770.53,10.50,YES,RED,NO,,
LTAP_1206,BETON BARIYER,BUILDING,405014.80N,0353224.62E,1770.33,10.50,YES,RED,NO,,
LTAP_1207,CONTAINER,BUILDING,405012.28N,0353158.16E,1779.83,8.20,YES,RED,NO,,
LTAP_1208,B4 WIND SOCK,OTHER,405011.45N,0353158.13E,1790.71,22.12,NO,,NO,,
LTAP_1209,B4 METEOROLOGY MAST,POLE,405011.53N,0353156.18E,1817.51,49.26,NO,,NO,,
LTAP_1210,MAST,POLE,404925.11N,0353029.44E,1817.01,26.25,NO,,NO,,
LTAP_1211,CAMERA MAST,POLE,404932.12N,0353012.23E,1840.93,32.81,NO,,NO,,
LTAP_1213,BUILDING,BUILDING,404925.23N,0353002.96E,1820.84,16.40,YES,RED,NO,,
LTAP_1214,BUILDING,BUILDING,404926.61N,0353003.80E,1821.48,14.76,YES,RED,NO,,
LTAP_1215,ANTENNA,ANTENNA,404947.23N,0353028.98E,1878.26,8.20,YES,RED,NO,,
LTAP_1216,ANTENNA,ANTENNA,404949.05N,0353028.42E,1912.71,42.65,NO,,NO,,
LTAP_1217,ANTENNA,ANTENNA,404947.56N,0353029.63E,1889.74,19.68,NO,,NO,,
LTAP_1218,BUILDING,BUILDING,404948.13N,0353029.43E,1884.82,14.76,NO,,NO,,
LTAP_1219,ANTENNA,ANTENNA,404947.80N,0353028.89E,1879.90,9.84,NO,,NO,,
LTAP_1220,WATCH BOX,BUILDING,404939.89N,0353024.53E,1850.16,45.93,YES,RED,NO,,
LTAP_1221,WATCH BOX,BUILDING,405044.08N,0353224.90E,1845.27,45.93,YES,RED,NO,,
LTAP_1222,MAST,POLE,405207.03N,0353144.39E,1990.90,32.81,NO,,NO,,
LTAP_1223,MAST,POLE,405207.48N,0353144.92E,1990.68,32.81,NO,,NO,,
LTAP_1224,MAST,POLE,405207.37N,0353145.55E,1989.41,32.81,NO,,NO,,
LTAP_1225,MAST,POLE,405157.36N,0353126.34E,2001.26,32.81,NO,,NO,,
LTAP_1226,MAST,POLE,405217.00N,0353140.21E,2013.08,32.81,NO,,NO,,
LTAP_1227,MAST,POLE,405210.45N,0353143.48E,1996.38,32.81,NO,,NO,,
LTAP_1228,MAST,POLE,405232.86N,0353139.28E,2043.69,32.81,NO,,NO,,
LTAP_1229,MAST,POLE,405229.67N,0353140.40E,2031.69,32.81,NO,,NO,,
LTAP_1230,MAST,POLE,405222.04N,0353138.77E,2019.13,32.81,NO,,NO,,
LTAP_1231,MAST,POLE,405236.17N,0353139.30E,2050.50,32.81,NO,,NO,,
LTAP_1232,MAST,POLE,405244.11N,0353139.68E,2066.90,32.81,NO,,NO,,
LTAP_1233,MAST,POLE,405247.40N,0353142.74E,2116.66,73.82,NO,,NO,,
LTAP_1234,MAST,POLE,405248.06N,0353139.87E,2124.32,73.82,NO,,NO,,
LTAP_1235,MAST,POLE,405246.96N,0353148.62E,2124.32,73.82,NO,,NO,,
LTAP_1236,MEDIUM VOLTAGE MAST,POLE,405332.07N,0353300.79E,2459.32,114.83,NO,,NO,,
LTAP_1237,MEDIUM VOLTAGE MAST,POLE,405333.21N,0353251.14E,2444.20,114.83,NO,,NO,,
LTAP_1238,MEDIUM VOLTAGE MAST,POLE,405334.14N,0353241.75E,2434.36,114.83,NO,,NO,,
LTAP_1239,MEDIUM VOLTAGE MAST,POLE,405336.13N,0353219.31E,2509.81,114.83,NO,,NO,,
LTAP_1240,MEDIUM VOLTAGE MAST,POLE,405337.02N,0353211.06E,2542.62,114.83,NO,,NO,,
LTAP_1241,MEDIUM VOLTAGE MAST,POLE,405337.77N,0353148.61E,2546.38,114.83,NO,,NO,,
LTAP_1242,MEDIUM VOLTAGE MAST,POLE,405337.77N,0353132.94E,2553.94,114.83,NO,,NO,,
LTAP_1243,MEDIUM VOLTAGE MAST,POLE,405337.70N,0353121.13E,2509.81,114.83,NO,,NO,,
LTAP_1244,MEDIUM VOLTAGE MAST,POLE,405337.56N,0353114.21E,2579.93,114.83,NO,,NO,,
LTAP_1245,SURVEILLANCE TOWER,BUILDING,404924.54N,0353026.50E,1803.46,16.49,NO,,NO,,
LTAP_1246,CONCRETE BLOCK,BUILDING,405026.38N,0353153.93E,1797.46,9.84,NO,,NO,,
LTAP_1247,BUILDING,BUILDING,405223.84N,0353249.16E,1997.42,34.45,NO,,NO,,
LTAP_1248,MINARET,BUILDING,405223.97N,0353246.15E,2040.57,78.74,NO,,NO,,
LTAP_1249,BUILDING,BUILDING,405223.87N,0353244.75E,1996.38,34.45,NO,,NO,,
LTAP_1250,BUILDING,BUILDING,405224.17N,0353239.92E,1994.33,34.45,NO,,NO,,
LTAP_1251,BASE STATION,OTHER,405211.89N,0352930.13E,2396.62,164.04,NO,,NO,,
LTAP_1252,BASE STATION,OTHER,405211.96N,0352912.28E,2437.59,178.80,YES,RED,NO,,
LTAP_1253,FLAG MAST,POLE,405206.53N,0352756.09E,2532.78,203.49,NO,,NO,,
LTAP_1254,BUILDING,BUILDING,405155.50N,0352751.17E,2303.38,34.45,NO,,NO,,
LTAP_1255,BUILDING,BUILDING,405155.48N,0352752.04E,2304.08,34.45,NO,,NO,,
LTAP_1256,BUILDING,BUILDING,405155.13N,0352754.69E,2305.69,34.45,NO,,NO,,
LTAP_1257,BUILDING,BUILDING,405148.51N,0352750.79E,2281.80,34.45,NO,,NO,,
LTAP_1258,BUILDING,BUILDING,405031.58N,0352749.81E,2017.69,32.81,NO,,NO,,
LTAP_1259,BASE STATION,OTHER,405021.61N,0352734.41E,2044.23,72.18,NO,,NO,,
LTAP_1260,CAMERA MAST,POLE,404934.47N,0353016.30E,1839.45,32.81,NO,,NO,,
LTAP_1261,SCHOOL BUILDING,BUILDING,405151.75N,0352904.66E,2343.60,32.97,NO,,NO,,
LTAP_1262,SCHOOL BUILDING,BUILDING,405215.93N,0353009.58E,2312.44,65.74,NO,,NO,,
LTAP_1263,TACAN CONTAINER,BUILDING,404930.92N,0353035.63E,1809.26,8.24,NO,,NO,,
LTAP_1264,GLIDE PATH CONTAINER,BUILDING,404927.80N,0353037.06E,1800.79,8.24,NO,,NO,,
LTAP_1265,GLIDE PATH MAST,POLE,404925.94N,0353033.68E,1812.72,19.82,NO,,NO,,
LTAP_1266,B1 METEOROLOGY RWR MAST,POLE,404926.37N,0353032.62E,1808.56,8.24,NO,,NO,,
LTAP_1267,B1 METEOROLOGY RWR MAST,POLE,404925.77N,0353031.58E,1800.98,8.24,NO,,NO,,
LTAP_1268,B4 METEOROLOGY RWR MAST,POLE,405010.91N,0353156.73E,1767.51,8.24,NO,,NO,,
LTAP_1269,B4 METEOROLOGY RWR MAST,POLE,405010.34N,0353155.70E,1767.30,8.24,NO,,NO,,
LTAP_1270,ALFA1  WIND SOCK,OTHER,404916.01N,0353033.89E,1781.70,22.12,YES,RED,NO,,
LTAP_1271,B1 WIND SOCK,OTHER,404925.06N,0353025.80E,1795.13,22.12,NO,,NO,,
LTAP_1272,C4 LIGHTING POLE,POLE,405026.21N,0353153.83E,1820.57,26.30,YES,RED,NO,,
LTAP_1273,SURVEILLANCE TOWER,BUILDING,405022.83N,0353214.45E,1784.38,16.49,NO,,NO,,
