Obstacle_Designator    ,AIXM_NAME  ,Obstacle Type (AIXM),Latitude(N),Longitude(E),Elevation at Top (FT)        ,Height (FT),Lighting,Color of Lighting,Group,
LTFG1,BUILDING,BUILDING,361827.703N,0321618.700E,239.37,24.61,NO INFO,,NO,
LTFG2,BUILDING,BUILDING,361829.007N,0321618.637E,239.24,14.76,NO INFO,,NO,
LTFG3,BUILDING,BUILDING,361825.217N,0321635.936E,251.59,14.76,NO INFO,,NO,
LTFG4,BUILDING,BUILDING,361826.079N,0321634.629E,251.91,24.61,NO INFO,,NO,
LTFG5,BUILDING,BUILDING,361826.767N,0321636.204E,239.14,14.76,NO INFO,,NO,
LTFG6,BUILDING,BUILDING,361858.080N,0321717.105E,248.33,24.61,NO INFO,,NO,
LTFG7,GREENHOUSE,BUILDING,361859.058N,0321715.451E,240.10,14.76,NO INFO,,NO,
LTFG8,BUILDING,BUILDING,361859.475N,0321710.407E,239.00,24.61,NO INFO,,NO,
LTFG9,GREENHOUSE,BUILDING,361852.594N,0321725.972E,247.42,14.76,NO INFO,,NO,
LTFG10,BUILDING,BUILDING,361854.308N,0321721.044E,260.61,34.45,NO INFO,,NO,
LTFG11,BUILDING,BUILDING,361854.650N,0321720.744E,251.16,24.61,NO INFO,,NO,
LTFG12,BUILDING,BUILDING,361858.717N,0321728.941E,239.55,24.61,NO INFO,,NO,
LTFG13,BUILDING,BUILDING,361858.954N,0321732.781E,254.28,24.61,NO INFO,,NO,
LTFG14,BUILDING,BUILDING,361900.237N,0321643.368E,238.84,24.61,NO INFO,,NO,
LTFG15,BUILDING,BUILDING,361859.319N,0321643.541E,238.81,34.45,NO INFO,,NO,
LTFG16,BUILDING,BUILDING,361903.210N,0321641.730E,261.42,24.61,NO INFO,,NO,
LTFG17,GREENHOUSE,BUILDING,361942.669N,0321809.802E,251.70,14.76,NO INFO,,NO,
LTFG18,GREENHOUSE,BUILDING,361940.852N,0321810.535E,243.30,14.76,NO INFO,,NO,
LTFG19,GREENHOUSE,BUILDING,361941.046N,0321815.580E,245.58,14.76,NO INFO,,NO,
LTFG20,GREENHOUSE,BUILDING,362023.757N,0321846.721E,313.16,14.76,NO INFO,,NO,
LTFG21,GREENHOUSE,BUILDING,362022.693N,0321846.090E,306.54,14.76,NO INFO,,NO,
LTFG22,BUILDING,BUILDING,362022.328N,0321845.317E,313.02,24.61,NO INFO,,NO,
LTFG23,BUILDING,BUILDING,362020.761N,0321844.593E,287.09,24.61,NO INFO,,NO,
LTFG24,GREENHOUSE,BUILDING,362026.543N,0321813.767E,328.33,14.76,NO INFO,,NO,
LTFG25,BUILDING,BUILDING,362030.162N,0321814.329E,344.81,14.76,NO INFO,,NO,
LTFG26,TRANSFORMER,BUILDING,361825.874N,0321627.306E,267.22,82.03,NO INFO,,NO,
LTFG27,TRANSFORMER,BUILDING,361825.050N,0321627.367E,241.17,82.03,NO INFO,,NO,
LTFG28,TRANSFORMER,BUILDING,361830.550N,0321622.414E,375.79,82.03,NO INFO,,NO,
LTFG29,TRANSFORMER,BUILDING,361836.117N,0321617.249E,498.93,82.03,NO INFO,,NO,
LTFG30,BUILDING,BUILDING,361755.676N,0321819.635E,113.19,14.76,NO INFO,,NO,
LTFG31,GREENHOUSE,BUILDING,361755.656N,0321818.363E,113.19,14.76,NO INFO,,NO,
LTFG32,GREENHOUSE,BUILDING,361755.104N,0321818.622E,113.19,14.76,NO INFO,,NO,
LTFG33,GREENHOUSE,BUILDING,361754.631N,0321819.199E,113.19,14.76,NO INFO,,NO,
LTFG34,BUILDING,BUILDING,361756.106N,0321820.475E,123.04,24.61,NO INFO,,NO,
LTFG35,BUILDING,BUILDING,361756.570N,0321844.928E,135.89,34.45,NO INFO,,NO,
LTFG36,BUILDING,BUILDING,361759.823N,0321852.999E,146.90,24.61,NO INFO,,NO,
LTFG37,BUILDING,BUILDING,361757.875N,0321852.348E,149.29,34.45,NO INFO,,NO,
LTFG38,GREENHOUSE,BUILDING,361801.702N,0321850.341E,142.91,14.76,NO INFO,,NO,
LTFG39,GREENHOUSE,BUILDING,361802.661N,0321817.602E,113.19,14.76,NO INFO,,NO,
LTFG40,GREENHOUSE,BUILDING,361803.436N,0321817.108E,113.19,14.76,NO INFO,,NO,
LTFG41,GREENHOUSE,BUILDING,361804.042N,0321818.800E,113.19,14.76,NO INFO,,NO,
LTFG42,BUILDING,BUILDING,361803.093N,0321815.987E,113.19,14.76,NO INFO,,NO,
LTFG43,GREENHOUSE,BUILDING,361806.871N,0321840.886E,137.02,14.76,NO INFO,,NO,
LTFG44,BUILDING,BUILDING,361806.880N,0321842.422E,137.88,14.76,NO INFO,,NO,
LTFG45,BUILDING,BUILDING,361807.329N,0321842.826E,139.27,14.76,NO INFO,,NO,
LTFG46,BUILDING,BUILDING,361808.335N,0321845.434E,152.45,24.61,NO INFO,,NO,
LTFG47,BUILDING,BUILDING,361806.879N,0321845.699E,139.73,14.76,NO INFO,,NO,
LTFG48,BUILDING,BUILDING,361807.003N,0321846.899E,143.07,14.76,NO INFO,,NO,
LTFG49,BUILDING,BUILDING,361809.426N,0321850.971E,149.56,14.76,NO INFO,,NO,
LTFG50,BUILDING,BUILDING,361808.064N,0321850.574E,146.17,14.76,NO INFO,,NO,
LTFG51,GREENHOUSE,BUILDING,361810.869N,0321900.309E,163.80,14.76,NO INFO,,NO,
LTFG52,GREENHOUSE,BUILDING,361810.481N,0321900.385E,164.44,14.76,NO INFO,,NO,
LTFG53,GREENHOUSE,BUILDING,361809.917N,0321900.294E,164.65,14.76,NO INFO,,NO,
LTFG54,GREENHOUSE,BUILDING,361808.810N,0321851.948E,150.01,14.76,NO INFO,,NO,
LTFG55,BUILDING,BUILDING,361807.301N,0321849.753E,146.00,14.76,NO INFO,,NO,
LTFG56,GREENHOUSE,BUILDING,361806.596N,0321852.220E,149.01,14.76,NO INFO,,NO,
LTFG57,BUILDING,BUILDING,361807.473N,0321852.692E,159.59,24.61,NO INFO,,NO,
LTFG58,GREENHOUSE,BUILDING,361806.380N,0321846.760E,142.82,14.76,NO INFO,,NO,
LTFG59,GREENHOUSE,BUILDING,361805.945N,0321847.016E,143.18,14.76,NO INFO,,NO,
LTFG60,BUILDING,BUILDING,361803.766N,0321846.735E,141.28,14.76,NO INFO,,NO,
LTFG61,BUILDING,BUILDING,361801.898N,0321901.528E,163.19,24.61,NO INFO,,NO,
LTFG62,BUILDING,BUILDING,361802.116N,0321902.174E,174.09,34.45,NO INFO,,NO,
LTFG63,GREENHOUSE,BUILDING,361805.057N,0321901.692E,162.41,14.76,NO INFO,,NO,
LTFG64,GREENHOUSE,BUILDING,361804.581N,0321901.684E,161.56,14.76,NO INFO,,NO,
LTFG65,GREENHOUSE,BUILDING,361805.882N,0321901.625E,162.41,14.76,NO INFO,,NO,
LTFG66,GREENHOUSE,BUILDING,361805.592N,0321901.808E,162.41,14.76,NO INFO,,NO,
LTFG67,BUILDING,BUILDING,361806.396N,0321903.061E,182.10,34.45,NO INFO,,NO,
LTFG68,GREENHOUSE,BUILDING,361806.911N,0321901.412E,162.41,14.76,NO INFO,,NO,
LTFG69,GREENHOUSE,BUILDING,361806.523N,0321901.560E,162.41,14.76,NO INFO,,NO,
LTFG70,BUILDING,BUILDING,361806.965N,0321900.655E,162.41,14.76,NO INFO,,NO,
LTFG71,GREENHOUSE,BUILDING,361806.337N,0321859.520E,162.09,14.76,NO INFO,,NO,
LTFG72,GREENHOUSE,BUILDING,361805.909N,0321859.524E,161.48,14.76,NO INFO,,NO,
LTFG73,GREENHOUSE,BUILDING,361808.647N,0321900.797E,165.18,14.76,NO INFO,,NO,
LTFG74,GREENHOUSE,BUILDING,361808.773N,0321902.476E,166.97,14.76,NO INFO,,NO,
LTFG75,BUILDING,BUILDING,361807.700N,0321901.669E,173.35,24.61,NO INFO,,NO,
LTFG76,GREENHOUSE,BUILDING,361808.433N,0321902.551E,166.11,14.76,NO INFO,,NO,
LTFG77,GREENHOUSE,BUILDING,361808.327N,0321904.257E,168.13,14.76,NO INFO,,NO,
LTFG78,GREENHOUSE,BUILDING,361809.584N,0321904.954E,172.02,14.76,NO INFO,,NO,
LTFG79,BUILDING,BUILDING,361808.212N,0321906.334E,189.63,34.45,NO INFO,,NO,
LTFG80,BUILDING,BUILDING,361811.398N,0321902.765E,167.99,14.76,NO INFO,,NO,
LTFG81,BUILDING,BUILDING,361810.445N,0321902.618E,188.03,34.45,NO INFO,,NO,
LTFG82,BUILDING,BUILDING,361811.336N,0321905.503E,182.45,24.61,NO INFO,,NO,
LTFG83,BUILDING,BUILDING,361812.353N,0321904.978E,180.89,24.61,NO INFO,,NO,
LTFG84,BUILDING,BUILDING,361812.348N,0321905.794E,172.47,14.76,NO INFO,,NO,
LTFG85,GREENHOUSE,BUILDING,361812.346N,0321907.079E,174.16,14.76,NO INFO,,NO,
LTFG86,GREENHOUSE,BUILDING,361811.676N,0321907.157E,175.52,14.76,NO INFO,,NO,
LTFG87,GREENHOUSE,BUILDING,361810.861N,0321907.464E,176.58,14.76,NO INFO,,NO,
LTFG88,BUILDING,BUILDING,361811.851N,0321908.872E,197.43,34.45,NO INFO,,NO,
LTFG89,BUILDING,BUILDING,361811.511N,0321908.923E,197.93,34.45,NO INFO,,NO,
LTFG90,BUILDING,BUILDING,361810.485N,0321909.532E,188.66,24.61,NO INFO,,NO,
LTFG91,GREENHOUSE,BUILDING,361809.774N,0321909.358E,178.14,14.76,NO INFO,,NO,
LTFG92,GREENHOUSE,BUILDING,361809.966N,0321908.972E,177.69,14.76,NO INFO,,NO,
LTFG93,GREENHOUSE,BUILDING,361809.376N,0321909.361E,177.28,14.76,NO INFO,,NO,
LTFG94,GREENHOUSE,BUILDING,361809.204N,0321908.258E,174.08,14.76,NO INFO,,NO,
LTFG95,GREENHOUSE,BUILDING,361808.986N,0321907.492E,173.00,14.76,NO INFO,,NO,
LTFG96,GREENHOUSE,BUILDING,361808.875N,0321906.797E,172.32,14.76,NO INFO,,NO,
LTFG97,GREENHOUSE,BUILDING,361808.680N,0321909.932E,175.81,14.76,NO INFO,,NO,
LTFG98,GREENHOUSE,BUILDING,361809.845N,0321911.626E,178.81,14.76,NO INFO,,NO,
LTFG99,GREENHOUSE,BUILDING,361810.077N,0321911.336E,178.81,14.76,NO INFO,,NO,
LTFG100,GREENHOUSE,BUILDING,361810.434N,0321910.829E,178.81,14.76,NO INFO,,NO,
LTFG101,BUILDING,BUILDING,361812.880N,0321933.092E,218.82,24.61,NO INFO,,NO,
LTFG102,BUILDING,BUILDING,361812.938N,0321932.688E,217.49,24.61,NO INFO,,NO,
LTFG103,BUILDING,BUILDING,361814.580N,0321931.454E,221.47,24.61,NO INFO,,NO,
LTFG104,BUILDING,BUILDING,361815.310N,0321932.943E,221.47,24.61,NO INFO,,NO,
LTFG105,GREENHOUSE,BUILDING,361815.926N,0321934.094E,222.64,14.76,NO INFO,,NO,
LTFG106,GREENHOUSE,BUILDING,361816.097N,0321932.449E,215.56,14.76,NO INFO,,NO,
LTFG107,GREENHOUSE,BUILDING,361815.267N,0321937.601E,228.76,14.76,NO INFO,,NO,
LTFG108,GREENHOUSE,BUILDING,361814.669N,0321938.115E,225.01,14.76,NO INFO,,NO,
LTFG109,BUILDING,BUILDING,361815.503N,0321938.320E,235.87,14.76,NO INFO,,NO,
LTFG110,GREENHOUSE,BUILDING,361814.154N,0321941.207E,231.77,14.76,NO INFO,,NO,
LTFG111,BUILDING,BUILDING,361813.187N,0321940.335E,239.18,34.45,NO INFO,,NO,
LTFG112,BUILDING,BUILDING,361813.629N,0321944.044E,236.34,24.61,NO INFO,,NO,
LTFG113,GREENHOUSE,BUILDING,361815.014N,0321946.080E,239.75,14.76,NO INFO,,NO,
LTFG114,GREENHOUSE,BUILDING,361814.564N,0321943.909E,235.04,14.76,NO INFO,,NO,
LTFG115,GREENHOUSE,BUILDING,361814.860N,0321941.477E,237.80,14.76,NO INFO,,NO,
LTFG116,GREENHOUSE,BUILDING,361822.709N,0322012.336E,248.99,14.76,NO INFO,,NO,
LTFG117,BUILDING,BUILDING,361822.154N,0322014.399E,240.06,24.61,NO INFO,,NO,
LTFG118,BUILDING,BUILDING,361837.919N,0322053.077E,541.45,34.45,NO INFO,,NO,
LTFG119,GREENHOUSE,BUILDING,361728.086N,0321927.038E,243.56,14.76,NO INFO,,NO,
LTFG120,BUILDING,BUILDING,361727.486N,0321925.986E,247.15,34.45,NO INFO,,NO,
LTFG121,BUILDING,BUILDING,361722.505N,0321919.599E,250.87,34.45,NO INFO,,NO,
LTFG122,GREENHOUSE,BUILDING,361719.030N,0321921.367E,240.24,14.76,NO INFO,,NO,
LTFG123,GREENHOUSE,BUILDING,361720.610N,0321921.375E,238.01,14.76,NO INFO,,NO,
LTFG124,GREENHOUSE,BUILDING,361721.367N,0321921.580E,239.61,14.76,NO INFO,,NO,
LTFG125,GREENHOUSE,BUILDING,361721.796N,0321921.555E,241.26,14.76,NO INFO,,NO,
LTFG126,GREENHOUSE,BUILDING,361722.432N,0321921.529E,243.34,14.76,NO INFO,,NO,
LTFG127,BUILDING,BUILDING,361719.021N,0321925.737E,254.28,24.61,NO INFO,,NO,
LTFG128,BUILDING,BUILDING,361720.359N,0321930.590E,289.93,44.29,NO INFO,,NO,
LTFG129,BUILDING,BUILDING,361724.676N,0321929.634E,244.43,14.76,NO INFO,,NO,
LTFG130,GREENHOUSE,BUILDING,361724.265N,0321929.892E,244.43,14.76,NO INFO,,NO,
LTFG131,GREENHOUSE,BUILDING,361724.044N,0321930.361E,244.43,14.76,NO INFO,,NO,
LTFG132,GREENHOUSE,BUILDING,361723.536N,0321928.520E,244.43,14.76,NO INFO,,NO,
LTFG133,GREENHOUSE,BUILDING,361723.688N,0321928.094E,244.43,14.76,NO INFO,,NO,
LTFG134,BUILDING,BUILDING,361717.606N,0321920.200E,272.76,54.14,NO INFO,,NO,
LTFG135,BUILDING,BUILDING,361717.792N,0321922.780E,244.43,14.76,NO INFO,,NO,
LTFG136,GREENHOUSE,BUILDING,361716.031N,0321919.420E,240.56,14.76,NO INFO,,NO,
LTFG137,BUILDING,BUILDING,361717.382N,0321923.166E,244.43,14.76,NO INFO,,NO,
LTFG138,BUILDING,BUILDING,361716.868N,0321929.185E,254.28,24.61,NO INFO,,NO,
LTFG139,BUILDING,BUILDING,361716.134N,0321930.822E,292.00,44.29,NO INFO,,NO,
LTFG140,GREENHOUSE,BUILDING,361732.948N,0321927.129E,244.43,14.76,NO INFO,,NO,
LTFG141,GREENHOUSE,BUILDING,361732.995N,0321926.253E,241.87,14.76,NO INFO,,NO,
LTFG142,BUILDING,BUILDING,361734.837N,0321925.717E,248.79,24.61,NO INFO,,NO,
LTFG143,BUILDING,BUILDING,361734.246N,0321948.039E,245.76,14.76,NO INFO,,NO,
LTFG144,GREENHOUSE,BUILDING,361737.241N,0321949.866E,244.43,14.76,NO INFO,,NO,
LTFG145,GREENHOUSE,BUILDING,361737.580N,0321950.412E,244.43,14.76,NO INFO,,NO,
LTFG146,GREENHOUSE,BUILDING,361737.990N,0321949.690E,244.43,14.76,NO INFO,,NO,
LTFG147,GREENHOUSE,BUILDING,361738.921N,0321949.323E,244.43,14.76,NO INFO,,NO,
LTFG148,GREENHOUSE,BUILDING,361739.900N,0321951.905E,244.43,14.76,NO INFO,,NO,
LTFG149,GREENHOUSE,BUILDING,361740.265N,0321951.410E,244.43,14.76,NO INFO,,NO,
LTFG150,BUILDING,BUILDING,361818.405N,0321915.000E,231.31,34.45,NO INFO,,NO,
LTFG151,BUILDING,BUILDING,361817.682N,0321918.083E,231.31,34.45,NO INFO,,NO,
LTFG152,BUILDING,BUILDING,361817.843N,0321925.668E,223.00,24.61,NO INFO,,NO,
LTFG153,BUILDING,BUILDING,361816.523N,0321927.522E,211.62,14.76,NO INFO,,NO,
LTFG154,BUILDING,BUILDING,361806.100N,0322020.106E,242.50,14.76,NO INFO,,NO,
LTFG155,GREENHOUSE,BUILDING,361803.358N,0322019.712E,238.32,14.76,NO INFO,,NO,
LTFG156,GREENHOUSE,BUILDING,361803.833N,0322021.777E,244.43,14.76,NO INFO,,NO,
LTFG157,GREENHOUSE,BUILDING,361802.686N,0322023.967E,244.43,14.76,NO INFO,,NO,
LTFG158,BUILDING,BUILDING,361806.067N,0321841.541E,135.41,14.76,NO INFO,,NO,
LTFG159,BUILDING,BUILDING,361805.942N,0321835.463E,129.60,14.76,NO INFO,,NO,
LTFG160,BUILDING,BUILDING,361758.383N,0321858.253E,155.85,24.61,NO INFO,,NO,
LTFG161,BUILDING,BUILDING,361758.251N,0321857.761E,155.16,24.61,NO INFO,,NO,
LTFG162,BUILDING,BUILDING,361812.816N,0321913.022E,198.50,34.45,NO INFO,,NO,
LTFG163,BUILDING,BUILDING,361812.967N,0321914.612E,191.37,24.61,NO INFO,,NO,
LTFG164,BUILDING,BUILDING,361811.873N,0321914.796E,188.66,24.61,NO INFO,,NO,
LTFG165,BUILDING,BUILDING,361812.238N,0321915.493E,188.66,24.61,NO INFO,,NO,
LTFG166,GREENHOUSE,BUILDING,361812.784N,0321909.617E,178.17,14.76,NO INFO,,NO,
LTFG167,BUILDING,BUILDING,361811.318N,0321912.350E,198.50,34.45,NO INFO,,NO,
LTFG168,BUILDING,BUILDING,361809.785N,0321914.608E,188.29,24.61,NO INFO,,NO,
LTFG169,GREENHOUSE,BUILDING,361814.595N,0321915.457E,203.34,14.76,NO INFO,,NO,
LTFG170,GREENHOUSE,BUILDING,361814.650N,0321916.157E,206.40,14.76,NO INFO,,NO,
LTFG171,GREENHOUSE,BUILDING,361814.472N,0321916.620E,204.60,14.76,NO INFO,,NO,
LTFG172,GREENHOUSE,BUILDING,361814.411N,0321917.145E,203.75,14.76,NO INFO,,NO,
LTFG173,BUILDING,BUILDING,361815.224N,0321917.457E,209.03,14.76,NO INFO,,NO,
LTFG174,BUILDING,BUILDING,361815.811N,0321916.354E,221.47,24.61,NO INFO,,NO,
LTFG175,BUILDING,BUILDING,361816.082N,0321916.463E,211.62,14.76,NO INFO,,NO,
LTFG176,BUILDING,BUILDING,361812.848N,0321911.828E,198.50,34.45,NO INFO,,NO,
LTFG177,BUILDING,BUILDING,361812.178N,0321911.754E,188.66,24.61,NO INFO,,NO,
LTFG178,BUILDING,BUILDING,361712.875N,0322205.514E,461.65,24.61,NO INFO,,NO,
LTFG179,BUILDING,BUILDING,361750.957N,0322233.642E,539.72,14.76,NO INFO,,NO,
LTFG180,BUILDING,BUILDING,361806.051N,0321855.956E,155.42,14.76,NO INFO,,NO,
LTFG181,BUILDING,BUILDING,361805.782N,0321855.839E,154.76,14.76,NO INFO,,NO,
LTFG182,GREENHOUSE,BUILDING,361806.191N,0321852.361E,149.45,14.76,NO INFO,,NO,
LTFG183,GREENHOUSE,BUILDING,361807.300N,0321851.012E,146.49,14.76,NO INFO,,NO,
LTFG184,BUILDING,BUILDING,361802.676N,0321857.046E,159.80,24.61,NO INFO,,NO,
LTFG185,BUILDING,BUILDING,361802.527N,0321857.299E,159.49,24.61,NO INFO,,NO,
LTFG186,BUILDING,BUILDING,361804.628N,0321900.596E,160.32,14.76,NO INFO,,NO,
LTFG187,BUILDING,BUILDING,361804.192N,0321812.987E,121.49,24.61,NO INFO,,NO,
LTFG188,BUILDING,BUILDING,361804.701N,0321815.569E,123.04,24.61,NO INFO,,NO,
LTFG189,GREENHOUSE,BUILDING,361805.350N,0321839.600E,132.66,14.76,NO INFO,,NO,
LTFG190,GREENHOUSE,BUILDING,361806.109N,0321840.171E,134.91,14.76,NO INFO,,NO,
LTFG191,GREENHOUSE,BUILDING,361806.312N,0321840.533E,135.63,14.76,NO INFO,,NO,
LTFG192,GREENHOUSE,BUILDING,361806.260N,0321840.368E,135.52,14.76,NO INFO,,NO,
LTFG193,BUILDING,BUILDING,361802.396N,0321849.523E,155.85,24.61,NO INFO,,NO,
LTFG194,BUILDING,BUILDING,361815.186N,0321938.869E,236.07,14.76,NO INFO,,NO,
LTFG195,GREENHOUSE,BUILDING,361815.822N,0321935.495E,229.44,14.76,NO INFO,,NO,
LTFG196,GREENHOUSE,BUILDING,361815.617N,0321935.431E,225.66,14.76,NO INFO,,NO,
LTFG197,GREENHOUSE,BUILDING,361815.359N,0321935.393E,223.76,14.76,NO INFO,,NO,
LTFG198,GREENHOUSE,BUILDING,361814.934N,0321939.959E,236.67,14.76,NO INFO,,NO,
LTFG199,BUILDING,BUILDING,361813.635N,0321914.449E,196.61,24.61,NO INFO,,NO,
LTFG200,BUILDING,BUILDING,361813.476N,0321914.289E,193.62,24.61,NO INFO,,NO,
LTFG201,BUILDING,BUILDING,361813.460N,0321915.104E,198.99,24.61,NO INFO,,NO,
LTFG202,BUILDING,BUILDING,361813.591N,0321915.205E,201.97,24.61,NO INFO,,NO,
LTFG203,BUILDING,BUILDING,361812.801N,0321911.579E,188.66,24.61,NO INFO,,NO,
LTFG204,BUILDING,BUILDING,361811.097N,0321913.920E,188.66,24.61,NO INFO,,NO,
LTFG205,GREENHOUSE,BUILDING,361843.089N,0321852.279E,244.34,14.76,NO INFO,,NO,
LTFG206,GREENHOUSE,BUILDING,361842.331N,0321852.492E,242.50,14.76,NO INFO,,NO,
LTFG207,GREENHOUSE,BUILDING,361907.945N,0321849.050E,244.47,14.76,NO INFO,,NO,
LTFG208,GREENHOUSE,BUILDING,361907.262N,0321849.490E,239.16,14.76,NO INFO,,NO,
LTFG209,GREENHOUSE,BUILDING,361906.141N,0321907.174E,243.50,14.76,NO INFO,,NO,
LTFG210,GREENHOUSE,BUILDING,361908.745N,0321904.618E,241.70,14.76,NO INFO,,NO,
LTFG211,GREENHOUSE,BUILDING,361859.741N,0321906.726E,242.08,14.76,NO INFO,,NO,
LTFG212,GREENHOUSE,BUILDING,361900.217N,0321907.438E,246.17,14.76,NO INFO,,NO,
LTFG213,GREENHOUSE,BUILDING,361854.999N,0321905.282E,251.02,14.76,NO INFO,,NO,
LTFG214,GREENHOUSE,BUILDING,361848.979N,0321905.626E,244.43,14.76,NO INFO,,NO,
LTFG215,GREENHOUSE,BUILDING,361853.243N,0321904.170E,248.22,14.76,NO INFO,,NO,
LTFG216,GREENHOUSE,BUILDING,361852.712N,0321903.273E,242.20,14.76,NO INFO,,NO,
LTFG217,GREENHOUSE,BUILDING,361852.693N,0321901.787E,238.07,14.76,NO INFO,,NO,
LTFG218,GREENHOUSE,BUILDING,361849.870N,0321901.852E,249.63,14.76,NO INFO,,NO,
LTFG219,GREENHOUSE,BUILDING,361849.744N,0321902.264E,246.13,14.76,NO INFO,,NO,
LTFG220,BUILDING,BUILDING,361909.036N,0321848.085E,244.25,14.76,NO INFO,,NO,
LTFG221,GREENHOUSE,BUILDING,361906.021N,0321843.337E,239.71,14.76,NO INFO,,NO,
LTFG222,GREENHOUSE,BUILDING,361921.795N,0321831.281E,242.87,14.76,NO INFO,,NO,
LTFG223,GREENHOUSE,BUILDING,361934.284N,0321840.743E,247.66,14.76,NO INFO,,NO,
LTFG224,GREENHOUSE,BUILDING,361933.085N,0321841.327E,250.38,14.76,NO INFO,,NO,
LTFG225,GREENHOUSE,BUILDING,361932.731N,0321840.958E,244.43,14.76,NO INFO,,NO,
LTFG226,GREENHOUSE,BUILDING,361947.288N,0321847.052E,240.08,14.76,NO INFO,,NO,
LTFG227,GREENHOUSE,BUILDING,361837.276N,0321813.446E,243.33,14.76,NO INFO,,NO,
LTFG228,GREENHOUSE,BUILDING,361838.305N,0321811.081E,240.25,14.76,NO INFO,,NO,
LTFG229,BUILDING,BUILDING,361843.028N,0321855.308E,257.51,24.61,NO INFO,,NO,
LTFG230,GREENHOUSE,BUILDING,361846.321N,0321900.452E,245.18,14.76,NO INFO,,NO,
LTFG231,GREENHOUSE,BUILDING,361847.610N,0321900.652E,252.02,14.76,NO INFO,,NO,
LTFG232,GREENHOUSE,BUILDING,361845.846N,0321903.758E,239.63,14.76,NO INFO,,NO,
LTFG233,MOSQUE,BUILDING,361849.372N,0321902.865E,254.28,24.61,NO INFO,,NO,
LTFG234,BUILDING,BUILDING,361847.218N,0321901.505E,250.85,24.61,NO INFO,,NO,
LTFG235,BUILDING,BUILDING,361850.274N,0321902.791E,254.28,24.61,NO INFO,,NO,
LTFG236,BUILDING,BUILDING,361854.635N,0321903.390E,238.20,24.61,NO INFO,,NO,
LTFG237,BUILDING,BUILDING,361855.791N,0321904.666E,248.83,24.61,NO INFO,,NO,
LTFG238,BUILDING,BUILDING,361857.095N,0321913.157E,358.71,34.45,NO INFO,,NO,
LTFG239,BUILDING,BUILDING,361916.658N,0321905.673E,241.79,24.61,NO INFO,,NO,
LTFG240,BUILDING,BUILDING,361916.542N,0321856.561E,258.35,24.61,NO INFO,,NO,
LTFG241,BUILDING,BUILDING,361912.602N,0321854.633E,250.10,24.61,NO INFO,,NO,
LTFG242,BUILDING,BUILDING,361909.776N,0321852.277E,261.25,24.61,NO INFO,,NO,
LTFG243,BUILDING,BUILDING,361909.385N,0321852.425E,251.90,24.61,NO INFO,,NO,
LTFG244,BUILDING,BUILDING,361908.454N,0321851.686E,251.67,24.61,NO INFO,,NO,
LTFG245,GREENHOUSE,BUILDING,361907.842N,0321843.531E,251.90,14.76,NO INFO,,NO,
LTFG246,BUILDING,BUILDING,361907.199N,0321851.123E,242.25,24.61,NO INFO,,NO,
LTFG247,BUILDING,BUILDING,361915.072N,0321855.816E,252.45,24.61,NO INFO,,NO,
LTFG248,BUILDING,BUILDING,361915.417N,0321806.460E,255.83,24.61,NO INFO,,NO,
LTFG249,BUILDING,BUILDING,361913.711N,0321806.727E,259.17,24.61,NO INFO,,NO,
LTFG250,BUILDING,BUILDING,361922.648N,0321830.659E,251.96,24.61,NO INFO,,NO,
LTFG251,BUILDING,BUILDING,361947.541N,0321847.617E,242.69,14.76,NO INFO,,NO,
LTFG252,GREENHOUSE,BUILDING,361953.423N,0321846.305E,247.45,14.76,NO INFO,,NO,
LTFG253,BUILDING,BUILDING,361936.139N,0321815.538E,261.71,24.61,NO INFO,,NO,
LTFG254,BUILDING,BUILDING,361858.040N,0321740.087E,245.13,24.61,NO INFO,,NO,
LTFG255,BUILDING,BUILDING,361900.729N,0321746.642E,243.80,24.61,NO INFO,,NO,
LTFG256,BUILDING,BUILDING,361900.477N,0321745.636E,244.43,14.76,NO INFO,,NO,
LTFG257,BUILDING,BUILDING,361853.682N,0321903.435E,256.74,34.45,NO INFO,,NO,
LTFG258,BUILDING,BUILDING,361833.502N,0321809.146E,247.72,34.45,NO INFO,,NO,
LTFG259,BUILDING,BUILDING,361837.221N,0321811.858E,260.12,34.45,NO INFO,,NO,
LTFG260,BUILDING,BUILDING,361835.644N,0321917.760E,363.19,34.45,NO INFO,,NO,
LTFG261,BUILDING,BUILDING,361910.706N,0321853.109E,260.48,24.61,NO INFO,,NO,
LTFG262,BUILDING,BUILDING,361910.089N,0321846.572E,245.90,34.45,NO INFO,,NO,
LTFG263,BUILDING,BUILDING,361909.438N,0321847.660E,252.16,24.61,NO INFO,,NO,
LTFG264,BUILDING,BUILDING,361907.828N,0321851.046E,242.95,14.76,NO INFO,,NO,
LTFG265,BUILDING,BUILDING,361850.583N,0321913.992E,303.19,34.45,NO INFO,,NO,
LTFG266,BUILDING,BUILDING,361849.472N,0321911.200E,281.46,34.45,NO INFO,,NO,
LTFG267,BUILDING,BUILDING,361833.120N,0321804.157E,240.62,14.76,NO INFO,,NO,
LTFG268,BUILDING,BUILDING,361842.411N,0321853.276E,254.28,24.61,NO INFO,,NO,
LTFG269,TRANSFORMER,BUILDING,361932.901N,0321917.190E,416.25,82.03,NO INFO,,NO,
LTFG270,BUILDING,BUILDING,361824.811N,0321606.765E,246.61,34.45,NO INFO,,NO,
LTFG271,BUILDING,BUILDING,361825.383N,0321607.237E,256.90,24.61,NO INFO,,NO,
LTFG272,BUILDING,BUILDING,361826.477N,0321603.513E,244.46,24.61,NO INFO,,NO,
LTFG273,BUILDING,BUILDING,361826.817N,0321602.732E,250.48,24.61,NO INFO,,NO,
LTFG274,GREENHOUSE,BUILDING,361827.421N,0321601.898E,244.43,14.76,NO INFO,,NO,
LTFG275,BUILDING,BUILDING,361825.118N,0321610.425E,250.65,14.76,NO INFO,,NO,
LTFG276,BUILDING,BUILDING,361946.068N,0321400.764E,574.67,34.45,NO INFO,,NO,
LTFG277,BUILDING,BUILDING,361941.921N,0321410.673E,498.79,34.45,NO INFO,,NO,
LTFG278,BUILDING,BUILDING,361941.909N,0321410.896E,493.32,24.61,NO INFO,,NO,
LTFG279,GREENHOUSE,BUILDING,361922.908N,0321418.611E,408.48,14.76,NO INFO,,NO,
LTFG280,GREENHOUSE,BUILDING,361922.727N,0321418.390E,408.48,14.76,NO INFO,,NO,
LTFG281,BUILDING,BUILDING,361904.903N,0321441.196E,290.61,14.76,NO INFO,,NO,
LTFG282,GREENHOUSE,BUILDING,361852.534N,0321504.573E,244.44,14.76,NO INFO,,NO,
LTFG283,BUILDING,BUILDING,362045.762N,0321600.472E,596.04,34.45,NO INFO,,NO,
LTFG284,BUILDING,BUILDING,362053.398N,0321555.384E,584.94,34.45,NO INFO,,NO,
LTFG285,BUILDING,BUILDING,362053.419N,0321554.622E,570.00,34.45,NO INFO,,NO,
LTFG286,TRANSFORMER,BUILDING,361900.966N,0321554.240E,1059.63,82.03,NO INFO,,NO,
LTFG287,TRANSFORMER,BUILDING,361848.170N,0321606.374E,847.03,82.03,NO INFO,,NO,
LTFG288,BUILDING,BUILDING,361458.414N,0321903.887E,514.00,24.61,NO INFO,,NO,
LTFG289,BUILDING,BUILDING,361625.472N,0321807.603E,240.97,24.61,NO INFO,,NO,
LTFG290,BUILDING,BUILDING,361616.924N,0321807.935E,238.95,34.45,NO INFO,,NO,
LTFG291,BUILDING,BUILDING,361619.047N,0321819.209E,248.79,34.45,NO INFO,,NO,
LTFG292,BUILDING,BUILDING,361626.098N,0321806.659E,248.46,44.29,NO INFO,,NO,
LTFG293,BUILDING,BUILDING,361625.206N,0321803.829E,266.30,44.29,NO INFO,,NO,
LTFG294,GREENHOUSE,BUILDING,361715.553N,0321919.758E,245.78,14.76,NO INFO,,NO,
LTFG295,BUILDING,BUILDING,361701.732N,0321923.472E,244.43,14.76,NO INFO,,NO,
LTFG296,GREENHOUSE,BUILDING,361647.528N,0322025.640E,239.54,14.76,NO INFO,,NO,
LTFG297,GREENHOUSE,BUILDING,361646.506N,0322029.657E,247.35,14.76,NO INFO,,NO,
LTFG298,GREENHOUSE,BUILDING,361647.292N,0322020.281E,246.20,14.76,NO INFO,,NO,
LTFG299,BUILDING,BUILDING,361620.815N,0322120.543E,415.92,14.76,NO INFO,,NO,
LTFG300,BUILDING,BUILDING,361642.382N,0322034.321E,244.37,54.14,NO INFO,,NO,
LTFG301,BUILDING,BUILDING,361645.206N,0322035.285E,249.43,14.76,NO INFO,,NO,
LTFG302,BUILDING,BUILDING,361644.185N,0322036.448E,246.90,24.61,NO INFO,,NO,
LTFG303,BUILDING,BUILDING,361646.481N,0322028.307E,237.93,14.76,NO INFO,,NO,
LTFG304,BUILDING,BUILDING,361648.384N,0322016.826E,245.39,14.76,NO INFO,,NO,
LTFG305,BUILDING,BUILDING,361657.907N,0321939.873E,263.16,34.45,NO INFO,,NO,
LTFG306,BUILDING,BUILDING,361702.825N,0321933.741E,241.13,24.61,NO INFO,,NO,
LTFG307,BUILDING,BUILDING,361703.052N,0321932.833E,254.00,34.45,NO INFO,,NO,
LTFG308,BUILDING,BUILDING,361706.446N,0321938.706E,356.52,34.45,NO INFO,,NO,
LTFG309,BUILDING,BUILDING,361702.851N,0321938.450E,255.70,24.61,NO INFO,,NO,
LTFG310,BUILDING,BUILDING,361703.920N,0321936.166E,239.39,24.61,NO INFO,,NO,
LTFG311,BUILDING,BUILDING,361703.787N,0321933.049E,243.49,14.76,NO INFO,,NO,
LTFG312,BUILDING,BUILDING,361705.320N,0321933.147E,281.81,34.45,NO INFO,,NO,
LTFG313,BUILDING,BUILDING,361712.726N,0321934.549E,329.74,34.45,NO INFO,,NO,
LTFG314,BUILDING,BUILDING,361711.616N,0321929.658E,291.37,34.45,NO INFO,,NO,
LTFG315,BUILDING,BUILDING,361712.016N,0321929.814E,291.02,34.45,NO INFO,,NO,
LTFG316,BUILDING,BUILDING,361713.099N,0321929.963E,292.63,34.45,NO INFO,,NO,
LTFG317,BUILDING,BUILDING,361709.582N,0321927.613E,283.53,34.45,NO INFO,,NO,
LTFG318,BUILDING,BUILDING,361711.006N,0321926.393E,277.29,34.45,NO INFO,,NO,
LTFG319,BUILDING,BUILDING,361711.362N,0321925.667E,271.92,34.45,NO INFO,,NO,
LTFG320,BUILDING,BUILDING,361711.051N,0321925.303E,270.25,34.45,NO INFO,,NO,
LTFG321,MOSQUE,BUILDING,361708.635N,0321928.665E,287.64,34.45,NO INFO,,NO,
LTFG322,BUILDING,BUILDING,361704.346N,0321927.190E,275.20,34.45,NO INFO,,NO,
LTFG323,BUILDING,BUILDING,361704.723N,0321927.807E,276.10,34.45,NO INFO,,NO,
LTFG324,BUILDING,BUILDING,361705.256N,0321928.677E,278.08,34.45,NO INFO,,NO,
LTFG325,BUILDING,BUILDING,361704.910N,0321931.114E,247.56,14.76,NO INFO,,NO,
LTFG326,BUILDING,BUILDING,361704.424N,0321929.528E,245.18,14.76,NO INFO,,NO,
LTFG327,BUILDING,BUILDING,361705.283N,0321924.318E,250.87,24.61,NO INFO,,NO,
LTFG328,BUILDING,BUILDING,361704.721N,0321925.054E,293.65,63.98,NO INFO,,NO,
LTFG329,BUILDING,BUILDING,361704.942N,0321925.514E,297.04,63.98,NO INFO,,NO,
LTFG330,BUILDING,BUILDING,361704.391N,0321925.900E,278.50,44.29,NO INFO,,NO,
LTFG331,BUILDING,BUILDING,361704.079N,0321925.521E,273.96,44.29,NO INFO,,NO,
LTFG332,BUILDING,BUILDING,361703.541N,0321926.019E,247.06,14.76,NO INFO,,NO,
LTFG333,BUILDING,BUILDING,361703.841N,0321926.653E,272.37,34.45,NO INFO,,NO,
LTFG334,BUILDING,BUILDING,361703.074N,0321925.466E,254.28,24.61,NO INFO,,NO,
LTFG335,BUILDING,BUILDING,361702.315N,0321925.600E,254.28,24.61,NO INFO,,NO,
LTFG336,BUILDING,BUILDING,361701.617N,0321925.224E,249.56,24.61,NO INFO,,NO,
LTFG337,BUILDING,BUILDING,361702.730N,0321923.751E,273.96,44.29,NO INFO,,NO,
LTFG338,BUILDING,BUILDING,361702.850N,0321924.530E,273.96,44.29,NO INFO,,NO,
LTFG339,BUILDING,BUILDING,361703.227N,0321922.808E,273.96,44.29,NO INFO,,NO,
LTFG340,BUILDING,BUILDING,361703.553N,0321923.489E,273.96,44.29,NO INFO,,NO,
LTFG341,BUILDING,BUILDING,361704.374N,0321922.894E,250.98,24.61,NO INFO,,NO,
LTFG342,BUILDING,BUILDING,361703.674N,0321922.232E,254.28,24.61,NO INFO,,NO,
LTFG343,BUILDING,BUILDING,361703.623N,0321924.491E,273.96,44.29,NO INFO,,NO,
LTFG344,BUILDING,BUILDING,361703.180N,0321921.361E,251.26,24.61,NO INFO,,NO,
LTFG345,BUILDING,BUILDING,361702.745N,0321921.969E,254.28,24.61,NO INFO,,NO,
LTFG346,BUILDING,BUILDING,361701.275N,0321921.536E,238.89,14.76,NO INFO,,NO,
LTFG347,BUILDING,BUILDING,361702.440N,0321920.333E,243.54,24.61,NO INFO,,NO,
LTFG348,BUILDING,BUILDING,361707.218N,0321925.273E,293.65,63.98,NO INFO,,NO,
LTFG349,BUILDING,BUILDING,361706.346N,0321927.825E,280.53,34.45,NO INFO,,NO,
LTFG350,BUILDING,BUILDING,361708.804N,0321923.963E,254.28,24.61,NO INFO,,NO,
LTFG351,BUILDING,BUILDING,361709.399N,0321922.686E,254.28,24.61,NO INFO,,NO,
LTFG352,BUILDING,BUILDING,361710.776N,0321922.267E,251.16,34.45,NO INFO,,NO,
LTFG353,BUILDING,BUILDING,361710.643N,0321925.050E,259.23,24.61,NO INFO,,NO,
LTFG354,BUILDING,BUILDING,361714.163N,0321928.426E,282.23,34.45,NO INFO,,NO,
LTFG355,BUILDING,BUILDING,361713.918N,0321929.049E,286.41,34.45,NO INFO,,NO,
LTFG356,BUILDING,BUILDING,361713.438N,0321929.122E,284.48,34.45,NO INFO,,NO,
LTFG357,BUILDING,BUILDING,361712.512N,0321926.293E,260.41,24.61,NO INFO,,NO,
LTFG358,BUILDING,BUILDING,361713.691N,0321925.217E,264.12,34.45,NO INFO,,NO,
LTFG359,BUILDING,BUILDING,361714.375N,0321925.561E,270.67,34.45,NO INFO,,NO,
LTFG360,BUILDING,BUILDING,361714.576N,0321926.044E,285.69,44.29,NO INFO,,NO,
LTFG361,BUILDING,BUILDING,361715.087N,0321923.923E,280.53,34.45,NO INFO,,NO,
LTFG362,BUILDING,BUILDING,361709.065N,0321934.358E,392.51,34.45,NO INFO,,NO,
LTFG363,BUILDING,BUILDING,361709.482N,0321921.840E,244.43,14.76,NO INFO,,NO,
LTFG364,MINARET,BUILDING,361708.710N,0321928.213E,315.13,63.98,NO INFO,,NO,
LTFG365,BUILDING,BUILDING,361911.727N,0321854.009E,243.61,14.76,NO INFO,,NO,
LTFG366,BUILDING,BUILDING,361908.332N,0321847.988E,240.43,24.61,NO INFO,,NO,
LTFG367,BUILDING,BUILDING,361908.057N,0321850.510E,247.15,14.76,NO INFO,,NO,
LTFG368,MINARET,BUILDING,361909.985N,0321710.812E,564.77,63.98,NO INFO,,NO,
LTFG369,BUILDING,BUILDING,361936.977N,0321807.758E,410.76,34.45,NO INFO,,NO,
LTFG370,BUILDING,BUILDING,361708.258N,0321927.857E,283.75,34.45,NO INFO,,NO,
LTFG371,BUILDING,BUILDING,361802.011N,0321809.442E,105.67,14.76,NO INFO,,NO,
LTFG372,BUILDING,BUILDING,361802.282N,0321809.841E,106.66,14.76,NO INFO,,NO,
LTFG373,BUILDING,BUILDING,361802.510N,0321810.216E,107.59,14.76,NO INFO,,NO,
LTFG374,BUILDING,BUILDING,361802.777N,0321810.583E,108.28,14.76,NO INFO,,NO,
LTFG375,BUILDING,BUILDING,361802.586N,0321811.456E,110.42,14.76,NO INFO,,NO,
LTFG376,BUILDING,BUILDING,361802.948N,0321811.854E,111.00,14.76,NO INFO,,NO,
LTFG377,GREENHOUSE,BUILDING,361804.660N,0321828.382E,120.74,14.76,NO INFO,,NO,
LTFG378,GREENHOUSE,BUILDING,361804.737N,0321828.271E,120.48,14.76,NO INFO,,NO,
LTFG379,GREENHOUSE,BUILDING,361804.859N,0321828.103E,120.09,14.76,NO INFO,,NO,
LTFG380,GREENHOUSE,BUILDING,361804.994N,0321827.932E,120.22,14.76,NO INFO,,NO,
LTFG381,GREENHOUSE,BUILDING,361805.870N,0321830.902E,126.80,14.76,NO INFO,,NO,
LTFG382,GREENHOUSE,BUILDING,361805.952N,0321830.823E,126.80,14.76,NO INFO,,NO,
LTFG383,GREENHOUSE,BUILDING,361806.042N,0321830.709E,126.34,14.76,NO INFO,,NO,
LTFG384,GREENHOUSE,BUILDING,361805.540N,0321831.495E,127.41,14.76,NO INFO,,NO,
LTFG385,GREENHOUSE,BUILDING,361805.629N,0321831.366E,127.65,14.76,NO INFO,,NO,
LTFG386,GREENHOUSE,BUILDING,361805.785N,0321831.160E,127.44,14.76,NO INFO,,NO,
LTFG387,GREENHOUSE,BUILDING,361805.304N,0321832.006E,128.49,14.76,NO INFO,,NO,
LTFG388,GREENHOUSE,BUILDING,361805.448N,0321831.802E,128.29,14.76,NO INFO,,NO,
LTFG389,GREENHOUSE,BUILDING,361805.945N,0321836.283E,131.03,14.76,NO INFO,,NO,
LTFG390,GREENHOUSE,BUILDING,361804.591N,0321836.017E,129.60,14.76,NO INFO,,NO,
LTFG391,GREENHOUSE,BUILDING,361804.586N,0321836.291E,129.60,14.76,NO INFO,,NO,
LTFG392,GREENHOUSE,BUILDING,361804.651N,0321835.764E,129.60,14.76,NO INFO,,NO,
LTFG393,GREENHOUSE,BUILDING,361804.755N,0321835.552E,129.60,14.76,NO INFO,,NO,
LTFG394,GREENHOUSE,BUILDING,361804.852N,0321835.389E,129.60,14.76,NO INFO,,NO,
LTFG395,GREENHOUSE,BUILDING,361804.983N,0321835.187E,129.60,14.76,NO INFO,,NO,
LTFG396,GREENHOUSE,BUILDING,361805.056N,0321835.044E,129.60,14.76,NO INFO,,NO,
LTFG397,GREENHOUSE,BUILDING,361806.173N,0321837.647E,134.06,14.76,NO INFO,,NO,
LTFG398,GREENHOUSE,BUILDING,361806.275N,0321837.837E,134.72,14.76,NO INFO,,NO,
LTFG399,GREENHOUSE,BUILDING,361806.395N,0321838.071E,135.32,14.76,NO INFO,,NO,
LTFG400,GREENHOUSE,BUILDING,361806.555N,0321838.315E,135.86,14.76,NO INFO,,NO,
LTFG401,GREENHOUSE,BUILDING,361806.621N,0321838.527E,136.09,14.76,NO INFO,,NO,
LTFG402,GREENHOUSE,BUILDING,361808.002N,0321843.894E,141.27,14.76,NO INFO,,NO,
LTFG403,GREENHOUSE,BUILDING,361802.935N,0321850.372E,146.00,14.76,NO INFO,,NO,
LTFG404,BUILDING,BUILDING,361808.720N,0321903.639E,168.31,14.76,NO INFO,,NO,
LTFG405,BUILDING,BUILDING,361810.343N,0321859.140E,162.45,14.76,NO INFO,,NO,
LTFG406,GREENHOUSE,BUILDING,361809.390N,0321904.996E,171.59,14.76,NO INFO,,NO,
LTFG407,GREENHOUSE,BUILDING,361805.363N,0321854.937E,152.66,14.76,NO INFO,,NO,
LTFG408,GREENHOUSE,BUILDING,361805.475N,0321854.855E,152.66,14.76,NO INFO,,NO,
LTFG409,GREENHOUSE,BUILDING,361805.553N,0321854.795E,152.99,14.76,NO INFO,,NO,
LTFG410,GREENHOUSE,BUILDING,361805.678N,0321854.711E,153.03,14.76,NO INFO,,NO,
LTFG411,GREENHOUSE,BUILDING,361805.838N,0321854.620E,153.36,14.76,NO INFO,,NO,
LTFG412,GREENHOUSE,BUILDING,361805.988N,0321854.546E,153.07,14.76,NO INFO,,NO,
LTFG413,GREENHOUSE,BUILDING,361806.114N,0321854.477E,153.40,14.76,NO INFO,,NO,
LTFG414,GREENHOUSE,BUILDING,361806.274N,0321854.386E,153.53,14.76,NO INFO,,NO,
LTFG415,GREENHOUSE,BUILDING,361806.401N,0321854.317E,153.11,14.76,NO INFO,,NO,
LTFG416,GREENHOUSE,BUILDING,361806.569N,0321854.194E,153.10,14.76,NO INFO,,NO,
LTFG417,GREENHOUSE,BUILDING,361806.709N,0321854.137E,152.67,14.76,NO INFO,,NO,
LTFG418,GREENHOUSE,BUILDING,361806.821N,0321854.055E,152.66,14.76,NO INFO,,NO,
LTFG419,GREENHOUSE,BUILDING,361806.951N,0321854.016E,152.66,14.76,NO INFO,,NO,
LTFG420,GREENHOUSE,BUILDING,361807.030N,0321853.955E,152.65,14.76,NO INFO,,NO,
LTFG421,GREENHOUSE,BUILDING,361807.190N,0321853.865E,152.22,14.76,NO INFO,,NO,
LTFG422,GREENHOUSE,BUILDING,361807.338N,0321853.776E,152.21,14.76,NO INFO,,NO,
LTFG423,GREENHOUSE,BUILDING,361807.472N,0321853.675E,151.81,14.76,NO INFO,,NO,
LTFG424,GREENHOUSE,BUILDING,361807.600N,0321853.515E,151.39,14.76,NO INFO,,NO,
LTFG425,GREENHOUSE,BUILDING,361807.691N,0321853.361E,151.54,14.76,NO INFO,,NO,
LTFG426,GREENHOUSE,BUILDING,361804.022N,0321853.904E,148.24,14.76,NO INFO,,NO,
LTFG427,GREENHOUSE,BUILDING,361804.165N,0321853.771E,148.28,14.76,NO INFO,,NO,
LTFG428,GREENHOUSE,BUILDING,361804.293N,0321853.716E,148.61,14.76,NO INFO,,NO,
LTFG429,GREENHOUSE,BUILDING,361804.473N,0321853.592E,148.94,14.76,NO INFO,,NO,
LTFG430,GREENHOUSE,BUILDING,361804.597N,0321853.507E,148.98,14.76,NO INFO,,NO,
LTFG431,GREENHOUSE,BUILDING,361804.666N,0321853.464E,148.98,14.76,NO INFO,,NO,
LTFG432,GREENHOUSE,BUILDING,361814.006N,0321941.249E,230.24,14.76,NO INFO,,NO,
LTFG433,GREENHOUSE,BUILDING,361814.758N,0321944.935E,235.57,14.76,NO INFO,,NO,
LTFG434,GREENHOUSE,BUILDING,361814.889N,0321944.942E,237.56,14.76,NO INFO,,NO,
LTFG435,GREENHOUSE,BUILDING,361815.129N,0321944.993E,239.54,14.76,NO INFO,,NO,
LTFG436,GREENHOUSE,BUILDING,361815.242N,0321944.993E,241.53,14.76,NO INFO,,NO,
LTFG437,GREENHOUSE,BUILDING,361815.423N,0321944.980E,243.51,14.76,NO INFO,,NO,
LTFG438,GREENHOUSE,BUILDING,361816.376N,0321918.705E,210.33,14.76,NO INFO,,NO,
LTFG439,GREENHOUSE,BUILDING,361816.579N,0321919.503E,210.80,14.76,NO INFO,,NO,
LTFG440,GREENHOUSE,BUILDING,361820.722N,0321928.432E,251.74,14.76,NO INFO,,NO,
LTFG441,GREENHOUSE,BUILDING,361812.827N,0321906.783E,172.40,14.76,NO INFO,,NO,
LTFG442,GREENHOUSE,BUILDING,361812.438N,0321907.071E,173.61,14.76,NO INFO,,NO,
LTFG443,GREENHOUSE,BUILDING,361812.608N,0321907.049E,173.05,14.76,NO INFO,,NO,
LTFG444,GREENHOUSE,BUILDING,361812.203N,0321907.072E,174.71,14.76,NO INFO,,NO,
LTFG445,GREENHOUSE,BUILDING,361812.046N,0321907.059E,174.88,14.76,NO INFO,,NO,
LTFG446,GREENHOUSE,BUILDING,361841.423N,0321829.313E,237.88,14.76,NO INFO,,NO,
LTFG447,GREENHOUSE,BUILDING,361841.658N,0321829.526E,242.10,14.76,NO INFO,,NO,
LTFG448,GREENHOUSE,BUILDING,361841.848N,0321829.661E,244.43,14.76,NO INFO,,NO,
LTFG449,GREENHOUSE,BUILDING,361842.024N,0321829.821E,244.43,14.76,NO INFO,,NO,
LTFG450,GREENHOUSE,BUILDING,361842.214N,0321829.956E,244.43,14.76,NO INFO,,NO,
LTFG451,GREENHOUSE,BUILDING,361842.466N,0321830.166E,244.43,14.76,NO INFO,,NO,
LTFG452,GREENHOUSE,BUILDING,361842.639N,0321830.305E,244.43,14.76,NO INFO,,NO,
LTFG453,GREENHOUSE,BUILDING,361842.908N,0321830.511E,244.43,14.76,NO INFO,,NO,
LTFG454,GREENHOUSE,BUILDING,361843.098N,0321830.647E,244.43,14.76,NO INFO,,NO,
LTFG455,GREENHOUSE,BUILDING,361843.340N,0321830.773E,244.43,14.76,NO INFO,,NO,
LTFG456,GREENHOUSE,BUILDING,361843.465N,0321830.942E,244.49,14.76,NO INFO,,NO,
LTFG457,GREENHOUSE,BUILDING,361841.891N,0321852.683E,240.42,14.76,NO INFO,,NO,
LTFG458,GREENHOUSE,BUILDING,361808.696N,0321856.455E,158.61,14.76,NO INFO,,NO,
LTFG459,GREENHOUSE,BUILDING,361808.851N,0321856.412E,158.79,14.76,NO INFO,,NO,
LTFG460,GREENHOUSE,BUILDING,361809.054N,0321856.413E,159.00,14.76,NO INFO,,NO,
LTFG461,GREENHOUSE,BUILDING,361809.304N,0321856.617E,159.80,14.76,NO INFO,,NO,
LTFG462,GREENHOUSE,BUILDING,361809.549N,0321856.003E,158.81,14.76,NO INFO,,NO,
LTFG463,GREENHOUSE,BUILDING,361809.721N,0321855.931E,158.61,14.76,NO INFO,,NO,
LTFG464,GREENHOUSE,BUILDING,361809.824N,0321855.898E,158.81,14.76,NO INFO,,NO,
LTFG465,GREENHOUSE,BUILDING,361809.946N,0321855.848E,159.01,14.76,NO INFO,,NO,
LTFG466,GREENHOUSE,BUILDING,361810.045N,0321855.777E,159.01,14.76,NO INFO,,NO,
LTFG467,GREENHOUSE,BUILDING,361810.167N,0321855.727E,159.22,14.76,NO INFO,,NO,
LTFG468,GREENHOUSE,BUILDING,361810.493N,0321856.379E,160.82,14.76,NO INFO,,NO,
LTFG469,GREENHOUSE,BUILDING,361810.599N,0321856.280E,160.64,14.76,NO INFO,,NO,
LTFG470,GREENHOUSE,BUILDING,361810.719N,0321856.217E,160.88,14.76,NO INFO,,NO,
LTFG471,GREENHOUSE,BUILDING,361807.052N,0321858.206E,160.87,14.76,NO INFO,,NO,
LTFG472,GREENHOUSE,BUILDING,361807.195N,0321858.152E,160.80,14.76,NO INFO,,NO,
LTFG473,GREENHOUSE,BUILDING,361807.338N,0321858.099E,160.79,14.76,NO INFO,,NO,
LTFG474,GREENHOUSE,BUILDING,361807.479N,0321858.033E,160.90,14.76,NO INFO,,NO,
LTFG475,GREENHOUSE,BUILDING,361807.623N,0321857.979E,160.90,14.76,NO INFO,,NO,
LTFG476,GREENHOUSE,BUILDING,361807.715N,0321857.948E,160.64,14.76,NO INFO,,NO,
LTFG477,GREENHOUSE,BUILDING,361807.877N,0321857.878E,160.78,14.76,NO INFO,,NO,
LTFG478,GREENHOUSE,BUILDING,361808.052N,0321857.819E,160.93,14.76,NO INFO,,NO,
LTFG479,GREENHOUSE,BUILDING,361808.176N,0321857.782E,161.07,14.76,NO INFO,,NO,
LTFG480,GREENHOUSE,BUILDING,361808.389N,0321857.689E,160.80,14.76,NO INFO,,NO,
LTFG481,GREENHOUSE,BUILDING,361807.486N,0321859.723E,162.41,14.76,NO INFO,,NO,
LTFG482,GREENHOUSE,BUILDING,361807.634N,0321859.708E,162.41,14.76,NO INFO,,NO,
LTFG483,GREENHOUSE,BUILDING,361807.791N,0321859.599E,162.41,14.76,NO INFO,,NO,
LTFG484,GREENHOUSE,BUILDING,361808.010N,0321859.465E,162.41,14.76,NO INFO,,NO,
LTFG485,GREENHOUSE,BUILDING,361808.113N,0321859.432E,162.41,14.76,NO INFO,,NO,
LTFG486,GREENHOUSE,BUILDING,361808.294N,0321859.345E,162.41,14.76,NO INFO,,NO,
LTFG487,GREENHOUSE,BUILDING,361808.412N,0321859.257E,162.53,14.76,NO INFO,,NO,
LTFG488,GREENHOUSE,BUILDING,361808.604N,0321859.168E,162.96,14.76,NO INFO,,NO,
LTFG489,GREENHOUSE,BUILDING,361808.660N,0321859.104E,163.16,14.76,NO INFO,,NO,
LTFG490,GREENHOUSE,BUILDING,361801.458N,0321847.603E,139.99,14.76,NO INFO,,NO,
LTFG491,GREENHOUSE,BUILDING,361801.640N,0321847.530E,140.47,14.76,NO INFO,,NO,
LTFG492,GREENHOUSE,BUILDING,361801.790N,0321847.462E,141.20,14.76,NO INFO,,NO,
LTFG493,GREENHOUSE,BUILDING,361801.978N,0321847.377E,141.30,14.76,NO INFO,,NO,
LTFG494,GREENHOUSE,BUILDING,361802.157N,0321847.285E,141.78,14.76,NO INFO,,NO,
LTFG495,GREENHOUSE,BUILDING,361802.355N,0321847.218E,141.93,14.76,NO INFO,,NO,
LTFG496,GREENHOUSE,BUILDING,361814.832N,0321930.826E,211.62,14.76,NO INFO,,NO,
LTFG497,GREENHOUSE,BUILDING,361814.837N,0321930.642E,211.62,14.76,NO INFO,,NO,
LTFG498,GREENHOUSE,BUILDING,361814.840N,0321930.381E,211.62,14.76,NO INFO,,NO,
LTFG499,GREENHOUSE,BUILDING,361815.632N,0321930.310E,211.62,14.76,NO INFO,,NO,
LTFG500,GREENHOUSE,BUILDING,361815.666N,0321930.182E,211.62,14.76,NO INFO,,NO,
LTFG501,GREENHOUSE,BUILDING,361815.691N,0321929.986E,211.62,14.76,NO INFO,,NO,
LTFG502,GREENHOUSE,BUILDING,361815.729N,0321929.788E,211.62,14.76,NO INFO,,NO,
LTFG503,BUILDING,BUILDING,361815.924N,0321931.132E,221.47,24.61,NO INFO,,NO,
LTFG504,GREENHOUSE,BUILDING,361907.546N,0321849.260E,239.20,14.76,NO INFO,,NO,
LTFG505,GREENHOUSE,BUILDING,361907.767N,0321849.126E,241.30,14.76,NO INFO,,NO,
LTFG506,GREENHOUSE,BUILDING,361908.122N,0321848.985E,247.15,14.76,NO INFO,,NO,
LTFG507,GREENHOUSE,BUILDING,361908.319N,0321848.893E,249.21,14.76,NO INFO,,NO,
LTFG508,GREENHOUSE,BUILDING,361932.513N,0321840.770E,244.43,14.76,NO INFO,,NO,
LTFG509,BUILDING,BUILDING,361656.599N,0321949.372E,395.36,34.45,NO INFO,,NO,
LTFG510,GREENHOUSE,BUILDING,361735.776N,0321926.054E,243.72,14.76,NO INFO,,NO,
LTFG511,GREENHOUSE,BUILDING,361735.801N,0321926.673E,244.43,14.76,NO INFO,,NO,
LTFG512,GREENHOUSE,BUILDING,361735.781N,0321927.237E,244.43,14.76,NO INFO,,NO,
LTFG513,GREENHOUSE,BUILDING,361723.501N,0321929.609E,244.43,14.76,NO INFO,,NO,
LTFG514,GREENHOUSE,BUILDING,361723.187N,0321929.293E,244.43,14.76,NO INFO,,NO,
LTFG515,GREENHOUSE,BUILDING,361720.417N,0321925.741E,244.43,14.76,NO INFO,,NO,
LTFG516,GREENHOUSE,BUILDING,361720.205N,0321925.317E,244.43,14.76,NO INFO,,NO,
LTFG517,GREENHOUSE,BUILDING,361720.955N,0321921.440E,239.05,14.76,NO INFO,,NO,
LTFG518,GREENHOUSE,BUILDING,361718.838N,0321921.286E,240.46,14.76,NO INFO,,NO,
LTFG519,GREENHOUSE,BUILDING,361719.567N,0321923.900E,244.43,14.76,NO INFO,,NO,
LTFG520,GREENHOUSE,BUILDING,361719.335N,0321923.783E,244.43,14.76,NO INFO,,NO,
LTFG521,GREENHOUSE,BUILDING,361719.148N,0321923.676E,244.43,14.76,NO INFO,,NO,
LTFG522,GREENHOUSE,BUILDING,361718.963N,0321923.585E,244.43,14.76,NO INFO,,NO,
LTFG523,GREENHOUSE,BUILDING,361718.750N,0321923.501E,244.43,14.76,NO INFO,,NO,
LTFG524,BUILDING,BUILDING,361701.957N,0321920.950E,247.76,24.61,NO INFO,,NO,
LTFG525,BUILDING,BUILDING,361702.549N,0321927.008E,257.22,34.45,NO INFO,,NO,
LTFG526,BUILDING,BUILDING,361703.703N,0321927.732E,247.62,14.76,NO INFO,,NO,
LTFG527,BUILDING,BUILDING,361710.162N,0321924.475E,255.83,24.61,NO INFO,,NO,
LTFG528,BUILDING,BUILDING,361709.489N,0321933.149E,376.08,34.45,NO INFO,,NO,
LTFG529,BUILDING,BUILDING,361709.697N,0321934.022E,389.62,34.45,NO INFO,,NO,
LTFG530,BUILDING,BUILDING,361706.581N,0321943.053E,448.82,34.45,NO INFO,,NO,
LTFG531,BUILDING,BUILDING,361717.874N,0321923.877E,264.12,34.45,NO INFO,,NO,
LTFG532,BUILDING,BUILDING,361717.476N,0321924.795E,244.43,14.76,NO INFO,,NO,
LTFG533,GREENHOUSE,BUILDING,361803.974N,0322019.671E,244.43,14.76,NO INFO,,NO,
LTFG534,GREENHOUSE,BUILDING,361802.636N,0322021.886E,243.29,14.76,NO INFO,,NO,
LTFG535,GREENHOUSE,BUILDING,361803.238N,0322021.744E,244.43,14.76,NO INFO,,NO,
LTFG536,GREENHOUSE,BUILDING,361804.404N,0322021.826E,244.43,14.76,NO INFO,,NO,
LTFG537,GREENHOUSE,BUILDING,361803.986N,0322023.637E,244.43,14.76,NO INFO,,NO,
LTFG538,GREENHOUSE,BUILDING,361803.360N,0322023.582E,244.43,14.76,NO INFO,,NO,
LTFG539,GREENHOUSE,BUILDING,361801.505N,0322025.015E,247.52,14.76,NO INFO,,NO,
LTFG540,BUILDING,BUILDING,361802.060N,0322024.405E,244.43,14.76,NO INFO,,NO,
LTFG541,BUILDING,BUILDING,361825.610N,0321616.144E,256.66,24.61,NO INFO,,NO,
LTFG542,GREENHOUSE,BUILDING,361810.647N,0321906.637E,175.30,14.76,NO INFO,,NO,
LTFG543,GREENHOUSE,BUILDING,361645.302N,0322038.530E,253.39,14.76,NO INFO,,NO,
LTFG544,GREENHOUSE,BUILDING,361645.316N,0322038.766E,251.97,14.76,NO INFO,,NO,
LTFG545,GREENHOUSE,BUILDING,361645.378N,0322039.029E,251.03,14.76,NO INFO,,NO,
LTFG546,GREENHOUSE,BUILDING,361645.412N,0322039.297E,246.72,14.76,NO INFO,,NO,
LTFG547,GREENHOUSE,BUILDING,361645.443N,0322039.548E,243.31,14.76,NO INFO,,NO,
LTFG548,GREENHOUSE,BUILDING,361645.484N,0322039.760E,241.06,14.76,NO INFO,,NO,
LTFG549,BUILDING,BUILDING,361648.212N,0322021.556E,294.35,44.29,NO INFO,,NO,
LTFG550,BUILDING,BUILDING,361648.279N,0322020.775E,289.91,34.45,NO INFO,,NO,
LTFG551,BUILDING,BUILDING,361648.303N,0322019.891E,286.76,34.45,NO INFO,,NO,
LTFG552,GREENHOUSE,BUILDING,361648.061N,0322018.893E,250.49,14.76,NO INFO,,NO,
LTFG553,GREENHOUSE,BUILDING,361648.261N,0322025.539E,247.20,14.76,NO INFO,,NO,
LTFG554,GREENHOUSE,BUILDING,361716.516N,0321919.817E,239.61,14.76,NO INFO,,NO,
LTFG555,GREENHOUSE,BUILDING,361716.677N,0321919.935E,238.96,14.76,NO INFO,,NO,
LTFG556,GREENHOUSE,BUILDING,361716.943N,0321920.148E,238.31,14.76,NO INFO,,NO,
LTFG557,GREENHOUSE,BUILDING,361717.166N,0321920.650E,238.21,14.76,NO INFO,,NO,
LTFG558,GREENHOUSE,BUILDING,361717.311N,0321920.853E,239.48,14.76,NO INFO,,NO,
LTFG559,GREENHOUSE,BUILDING,361713.792N,0321919.475E,241.42,14.76,NO INFO,,NO,
LTFG560,GREENHOUSE,BUILDING,361713.881N,0321919.656E,241.42,14.76,NO INFO,,NO,
LTFG561,BUILDING,BUILDING,361710.639N,0321929.503E,293.63,34.45,NO INFO,,NO,
LTFG562,BUILDING,BUILDING,361705.900N,0321925.426E,245.68,14.76,NO INFO,,NO,
LTFG563,BUILDING,BUILDING,361702.342N,0321923.183E,244.43,14.76,NO INFO,,NO,
LTFG564,BUILDING,BUILDING,361702.428N,0321921.394E,244.29,14.76,NO INFO,,NO,
LTFG565,BUILDING,BUILDING,361626.401N,0321807.034E,241.15,44.29,NO INFO,,NO,
LTFG566,BUILDING,BUILDING,361614.912N,0321813.047E,299.00,34.45,NO INFO,,NO,
LTFG567,BUILDING,BUILDING,361613.350N,0321813.725E,292.51,34.45,NO INFO,,NO,
LTFG568,BUILDING,BUILDING,361612.069N,0321820.515E,296.77,44.29,NO INFO,,NO,
LTFG569,BUILDING,BUILDING,361613.058N,0321821.005E,274.46,44.29,NO INFO,,NO,
LTFG570,BUILDING,BUILDING,361612.252N,0321821.644E,239.29,24.61,NO INFO,,NO,
LTFG571,BUILDING,BUILDING,361611.691N,0321821.438E,244.24,24.61,NO INFO,,NO,
LTFG572,BUILDING,BUILDING,361618.668N,0321815.098E,253.43,34.45,NO INFO,,NO,
LTFG573,BUILDING,BUILDING,361619.107N,0321817.047E,251.60,34.45,NO INFO,,NO,
LTFG574,BUILDING,BUILDING,361751.243N,0322232.875E,549.79,14.76,NO INFO,,NO,
LTFG575,BUILDING,BUILDING,361734.289N,0321927.487E,244.43,14.76,NO INFO,,NO,
LTFG576,BUILDING,BUILDING,361647.132N,0322021.220E,246.06,14.76,NO INFO,,NO,
LTFG577,GREENHOUSE,BUILDING,361833.703N,0321909.201E,239.49,14.76,NO INFO,,NO,
LTFG578,GREENHOUSE,BUILDING,361833.828N,0321909.338E,239.49,14.76,NO INFO,,NO,
LTFG579,GREENHOUSE,BUILDING,361833.943N,0321909.477E,242.83,14.76,NO INFO,,NO,
LTFG580,GREENHOUSE,BUILDING,361833.233N,0321909.960E,238.21,14.76,NO INFO,,NO,
LTFG581,GREENHOUSE,BUILDING,361833.336N,0321910.088E,239.92,14.76,NO INFO,,NO,
LTFG582,GREENHOUSE,BUILDING,361833.449N,0321910.214E,243.61,14.76,NO INFO,,NO,
LTFG583,GREENHOUSE,BUILDING,361942.491N,0321806.940E,249.48,14.76,NO INFO,,NO,
LTFG584,GREENHOUSE,BUILDING,361733.121N,0321947.149E,246.62,14.76,NO INFO,,NO,
LTFG585,GREENHOUSE,BUILDING,361820.125N,0321919.767E,240.17,14.76,NO INFO,,NO,
LTFG586,BUILDING,BUILDING,361808.089N,0321845.467E,142.19,14.76,NO INFO,,NO,
LTFG587,GREENHOUSE,BUILDING,361808.233N,0321847.341E,145.20,14.76,NO INFO,,NO,
LTFG588,GREENHOUSE,BUILDING,361808.240N,0321847.495E,145.20,14.76,NO INFO,,NO,
LTFG589,GREENHOUSE,BUILDING,361808.289N,0321847.687E,145.75,14.76,NO INFO,,NO,
LTFG590,GREENHOUSE,BUILDING,361808.309N,0321847.853E,146.00,14.76,NO INFO,,NO,
LTFG591,GREENHOUSE,BUILDING,361808.312N,0321847.976E,146.00,14.76,NO INFO,,NO,
LTFG592,GREENHOUSE,BUILDING,361808.343N,0321848.125E,146.00,14.76,NO INFO,,NO,
LTFG593,GREENHOUSE,BUILDING,361808.364N,0321848.291E,146.00,14.76,NO INFO,,NO,
LTFG594,GREENHOUSE,BUILDING,361806.056N,0321836.533E,131.82,14.76,NO INFO,,NO,
LTFG595,GREENHOUSE,BUILDING,361806.765N,0321838.748E,136.51,14.76,NO INFO,,NO,
LTFG596,GREENHOUSE,BUILDING,361806.829N,0321838.910E,136.51,14.76,NO INFO,,NO,
LTFG597,GREENHOUSE,BUILDING,361806.898N,0321839.031E,136.94,14.76,NO INFO,,NO,
LTFG598,GREENHOUSE,BUILDING,361806.969N,0321839.165E,136.93,14.76,NO INFO,,NO,
LTFG599,GREENHOUSE,BUILDING,361806.919N,0321851.989E,148.57,14.76,NO INFO,,NO,
LTFG600,GREENHOUSE,BUILDING,361806.760N,0321852.056E,148.59,14.76,NO INFO,,NO,
LTFG601,GREENHOUSE,BUILDING,361806.420N,0321852.252E,149.02,14.76,NO INFO,,NO,
LTFG602,BUILDING,BUILDING,361805.422N,0321850.208E,146.00,14.76,NO INFO,,NO,
LTFG603,BUILDING,BUILDING,361805.411N,0321849.872E,146.00,14.76,NO INFO,,NO,
LTFG604,BUILDING,BUILDING,361802.949N,0321849.494E,146.00,14.76,NO INFO,,NO,
LTFG605,BUILDING,BUILDING,361802.472N,0321849.077E,146.00,14.76,NO INFO,,NO,
LTFG606,GREENHOUSE,BUILDING,361804.091N,0321855.365E,150.59,14.76,NO INFO,,NO,
LTFG607,GREENHOUSE,BUILDING,361804.222N,0321855.268E,150.92,14.76,NO INFO,,NO,
LTFG608,GREENHOUSE,BUILDING,361804.317N,0321855.203E,150.92,14.76,NO INFO,,NO,
LTFG609,GREENHOUSE,BUILDING,361804.473N,0321855.119E,150.96,14.76,NO INFO,,NO,
LTFG610,GREENHOUSE,BUILDING,361804.603N,0321855.007E,151.29,14.76,NO INFO,,NO,
LTFG611,GREENHOUSE,BUILDING,361804.711N,0321854.927E,151.33,14.76,NO INFO,,NO,
LTFG612,GREENHOUSE,BUILDING,361804.925N,0321854.780E,151.66,14.76,NO INFO,,NO,
LTFG613,GREENHOUSE,BUILDING,361805.019N,0321854.670E,151.38,14.76,NO INFO,,NO,
LTFG614,GREENHOUSE,BUILDING,361803.231N,0321852.575E,146.00,14.76,NO INFO,,NO,
LTFG615,GREENHOUSE,BUILDING,361803.447N,0321852.488E,146.00,14.76,NO INFO,,NO,
LTFG616,GREENHOUSE,BUILDING,361803.627N,0321852.374E,146.00,14.76,NO INFO,,NO,
LTFG617,GREENHOUSE,BUILDING,361803.769N,0321852.261E,146.00,14.76,NO INFO,,NO,
LTFG618,GREENHOUSE,BUILDING,361804.000N,0321852.235E,146.00,14.76,NO INFO,,NO,
LTFG619,GREENHOUSE,BUILDING,361804.077N,0321859.057E,156.69,14.76,NO INFO,,NO,
LTFG620,GREENHOUSE,BUILDING,361804.292N,0321858.911E,157.00,14.76,NO INFO,,NO,
LTFG621,GREENHOUSE,BUILDING,361804.435N,0321858.813E,157.51,14.76,NO INFO,,NO,
LTFG622,GREENHOUSE,BUILDING,361804.566N,0321858.701E,157.59,14.76,NO INFO,,NO,
LTFG623,GREENHOUSE,BUILDING,361804.697N,0321858.604E,157.59,14.76,NO INFO,,NO,
LTFG624,GREENHOUSE,BUILDING,361804.850N,0321858.446E,157.52,14.76,NO INFO,,NO,
LTFG625,BUILDING,BUILDING,361847.417N,0321511.457E,242.55,14.76,NO INFO,,NO,
LTFG626,GREENHOUSE,BUILDING,361852.293N,0321726.089E,243.44,14.76,NO INFO,,NO,
LTFG627,GREENHOUSE,BUILDING,361852.511N,0321725.968E,244.97,14.76,NO INFO,,NO,
LTFG628,GREENHOUSE,BUILDING,361852.803N,0321725.881E,251.97,14.76,NO INFO,,NO,
LTFG629,GREENHOUSE,BUILDING,361815.213N,0321935.395E,221.87,14.76,NO INFO,,NO,
LTFG630,GREENHOUSE,BUILDING,361816.171N,0321935.282E,232.26,14.76,NO INFO,,NO,
LTFG631,GREENHOUSE,BUILDING,361816.144N,0321935.427E,233.23,14.76,NO INFO,,NO,
LTFG632,GREENHOUSE,BUILDING,361816.089N,0321935.677E,232.31,14.76,NO INFO,,NO,
LTFG633,GREENHOUSE,BUILDING,361816.052N,0321935.849E,233.07,14.76,NO INFO,,NO,
LTFG634,GREENHOUSE,BUILDING,361817.533N,0321932.107E,224.40,14.76,NO INFO,,NO,
LTFG635,GREENHOUSE,BUILDING,361817.577N,0321932.218E,227.49,14.76,NO INFO,,NO,
LTFG636,GREENHOUSE,BUILDING,361817.643N,0321932.366E,228.50,14.76,NO INFO,,NO,
LTFG637,GREENHOUSE,BUILDING,361817.721N,0321932.539E,228.50,14.76,NO INFO,,NO,
LTFG638,GREENHOUSE,BUILDING,361817.807N,0321932.686E,231.59,14.76,NO INFO,,NO,
LTFG639,GREENHOUSE,BUILDING,361815.472N,0321933.926E,217.88,14.76,NO INFO,,NO,
LTFG640,GREENHOUSE,BUILDING,361815.618N,0321933.966E,217.88,14.76,NO INFO,,NO,
LTFG641,GREENHOUSE,BUILDING,361815.833N,0321934.015E,222.64,14.76,NO INFO,,NO,
LTFG642,GREENHOUSE,BUILDING,361816.080N,0321934.183E,225.51,14.76,NO INFO,,NO,
LTFG643,GREENHOUSE,BUILDING,361816.307N,0321934.315E,229.30,14.76,NO INFO,,NO,
LTFG644,GREENHOUSE,BUILDING,361807.413N,0321903.124E,164.22,14.76,NO INFO,,NO,
LTFG645,GREENHOUSE,BUILDING,361807.550N,0321903.020E,164.64,14.76,NO INFO,,NO,
LTFG646,GREENHOUSE,BUILDING,361807.663N,0321902.889E,164.42,14.76,NO INFO,,NO,
LTFG647,GREENHOUSE,BUILDING,361807.738N,0321902.799E,164.85,14.76,NO INFO,,NO,
LTFG648,GREENHOUSE,BUILDING,361807.859N,0321902.686E,165.05,14.76,NO INFO,,NO,
LTFG649,GREENHOUSE,BUILDING,361804.696N,0321845.159E,137.83,14.76,NO INFO,,NO,
LTFG650,GREENHOUSE,BUILDING,361804.620N,0321845.097E,137.22,14.76,NO INFO,,NO,
LTFG651,GREENHOUSE,BUILDING,361804.479N,0321845.000E,137.16,14.76,NO INFO,,NO,
LTFG652,GREENHOUSE,BUILDING,361804.412N,0321844.873E,136.62,14.76,NO INFO,,NO,
LTFG653,GREENHOUSE,BUILDING,361804.250N,0321844.789E,136.55,14.76,NO INFO,,NO,
LTFG654,GREENHOUSE,BUILDING,361804.114N,0321845.136E,137.04,14.76,NO INFO,,NO,
LTFG655,GREENHOUSE,BUILDING,361803.969N,0321845.234E,137.52,14.76,NO INFO,,NO,
LTFG656,GREENHOUSE,BUILDING,361803.825N,0321845.359E,138.00,14.76,NO INFO,,NO,
LTFG657,GREENHOUSE,BUILDING,361803.743N,0321845.441E,138.00,14.76,NO INFO,,NO,
LTFG658,GREENHOUSE,BUILDING,361803.642N,0321845.577E,138.49,14.76,NO INFO,,NO,
LTFG659,GREENHOUSE,BUILDING,361803.540N,0321845.673E,138.49,14.76,NO INFO,,NO,
LTFG660,GREENHOUSE,BUILDING,361803.447N,0321845.756E,138.42,14.76,NO INFO,,NO,
LTFG661,GREENHOUSE,BUILDING,361803.325N,0321845.880E,138.91,14.76,NO INFO,,NO,
LTFG662,GREENHOUSE,BUILDING,361821.141N,0321918.421E,241.98,14.76,NO INFO,,NO,
LTFG663,GREENHOUSE,BUILDING,361821.183N,0321918.221E,239.56,14.76,NO INFO,,NO,
LTFG664,GREENHOUSE,BUILDING,361821.227N,0321918.052E,238.66,14.76,NO INFO,,NO,
LTFG665,GREENHOUSE,BUILDING,361844.679N,0321852.739E,243.92,14.76,NO INFO,,NO,
LTFG666,GREENHOUSE,BUILDING,361842.249N,0321852.648E,244.14,14.76,NO INFO,,NO,
LTFG667,GREENHOUSE,BUILDING,361842.945N,0321852.476E,244.43,14.76,NO INFO,,NO,
LTFG668,MINARET,BUILDING,361849.314N,0321902.548E,295.37,63.98,NO INFO,,NO,
LTFG669,MINARET,BUILDING,361715.569N,0321909.402E,256.46,63.98,NO INFO,,NO,
LTFG670,GREENHOUSE,BUILDING,361754.731N,0321820.889E,113.19,14.76,NO INFO,,NO,
LTFG671,GREENHOUSE,BUILDING,361754.843N,0321820.799E,113.19,14.76,NO INFO,,NO,
LTFG672,GREENHOUSE,BUILDING,361754.948N,0321820.702E,113.19,14.76,NO INFO,,NO,
LTFG673,GREENHOUSE,BUILDING,361755.061N,0321820.621E,113.19,14.76,NO INFO,,NO,
LTFG674,GREENHOUSE,BUILDING,361755.193N,0321820.531E,113.19,14.76,NO INFO,,NO,
LTFG675,GREENHOUSE,BUILDING,361755.335N,0321820.507E,113.19,14.76,NO INFO,,NO,
LTFG676,GREENHOUSE,BUILDING,361755.470N,0321820.492E,113.19,14.76,NO INFO,,NO,
LTFG677,GREENHOUSE,BUILDING,361755.632N,0321820.467E,113.19,14.76,NO INFO,,NO,
LTFG678,BUILDING,BUILDING,361806.375N,0321842.160E,156.24,34.45,NO INFO,,NO,
LTFG679,BUILDING,BUILDING,362039.299N,0321855.297E,571.01,34.45,NO INFO,,NO,
LTFG680,MAST,POLE,361730.635N,0321937.384E,328.10,49.22,NO INFO,,NO,
LTFG681,MAST,POLE,361730.567N,0321936.980E,328.10,49.22,NO INFO,,NO,
LTFG682,TOWER,TOWER,361753.320N,0321802.690E,138.98,38.55,NO INFO,,NO,
LTFG683,GSM STATION,POLE,361716.113N,0321714.557E,433.13,242.79,NO INFO,,NO,
LTFG684,MAST,POLE,361613.560N,0321818.210E,431.78,126.65,NO INFO,,NO,
LTFG685,ANTENNA,ANTENNA,361705.040N,0321711.140E,346.83,74.47,NO INFO,,NO,
LTFG686,ANTENNA,ANTENNA,361635.650N,0321715.010E,697.87,74.47,NO INFO,,NO,
LTFG687,MINARET,BUILDING,361813.060N,0321914.080E,307.20,114.81,NO INFO,,NO,
LTFG688,MAST,POLE,361758.620N,0321717.980E,108.01,61.35,NO INFO,,NO,
LTFG689,MAST,POLE,361809.100N,0321849.020E,167.95,26.25,NO INFO,,NO,
LTFG690,MAST,POLE,361759.560N,0321905.760E,173.89,49.21,NO INFO,,NO,
LTFG691,MAST,POLE,361800.550N,0322016.660E,242.79,49.21,NO INFO,,NO,
LTFG692,MAST,POLE,361800.970N,0322035.230E,357.63,49.21,NO INFO,,NO,
LTFG693,MAST,POLE,361810.100N,0322029.270E,272.33,49.21,NO INFO,,NO,
LTFG694,MAST,POLE,361816.480N,0322031.270E,337.94,49.21,NO INFO,,NO,
LTFG695,MAST,POLE,361816.310N,0322042.140E,659.48,49.21,NO INFO,,NO,
LTFG696,MAST,POLE,361830.120N,0322033.840E,341.22,49.21,NO INFO,,NO,
LTFG697,MAST,POLE,361828.890N,0322048.520E,426.53,49.21,NO INFO,,NO,
LTFG698,MAST,POLE,361833.970N,0322050.100E,442.94,49.21,NO INFO,,NO,
LTFG699,MAST,POLE,361711.700N,0322043.920E,869.46,49.21,NO INFO,,NO,
LTFG700,MAST,POLE,361900.090N,0321759.190E,317.86,65.62,NO INFO,,NO,
LTFG701,MAST,POLE,361830.870N,0321753.720E,295.29,65.62,NO INFO,,NO,
LTFG702,MAST,POLE,361834.720N,0321801.800E,301.85,65.62,NO INFO,,NO,
LTFG703,MAST,POLE,361904.150N,0321956.070E,1633.94,65.62,NO INFO,,NO,
LTFG704,MAST,POLE,361700.810N,0321935.920E,334.66,65.62,NO INFO,,NO,
LTFG705,MAST,POLE,361815.560N,0322029.530E,433.10,65.62,NO INFO,,NO,
LTFG706,MAST,POLE,361713.430N,0322017.260E,951.49,65.62,NO INFO,,NO,
LTFG707,MAST,POLE,361812.930N,0321551.600E,229.67,32.81,NO INFO,,NO,
LTFG708,MAST,POLE,361827.950N,0321635.550E,305.13,32.81,NO INFO,,NO,
LTFG709,MAST,POLE,361839.580N,0321818.320E,347.78,32.81,NO INFO,,NO,
LTFG710,MAST,POLE,361903.880N,0321838.230E,390.44,32.81,NO INFO,,NO,
LTFG711,MAST,POLE,361825.940N,0321911.500E,321.54,32.81,NO INFO,,NO,
LTFG712,MAST,POLE,361633.410N,0321707.770E,695.57,32.81,NO INFO,,NO,
LTFG713,MAST,POLE,361824.920N,0321718.380E,374.03,16.40,NO INFO,,NO,
LTFG714,MAST,POLE,361832.910N,0321945.550E,941.65,16.40,NO INFO,,NO,
LTFG715,MAST,POLE,361706.640N,0321956.840E,606.99,16.40,NO INFO,,NO,
LTFG716,MAST,POLE,361808.320N,0321854.530E,171.76,22.97,NO INFO,,NO,
LTFG717,MAST,POLE,361806.970N,0321857.870E,182.03,24.61,NO INFO,,NO,
LTFG718,MAST,POLE,361809.500N,0321901.090E,185.05,21.33,NO INFO,,NO,
LTFG719,MAST,POLE,361810.620N,0321908.460E,203.62,19.68,NO INFO,,NO,
LTFG720,MAST,POLE,361724.840N,0321926.750E,278.89,49.21,NO INFO,,NO,
LTFG721,MAST,POLE,361745.760N,0321956.230E,328.10,49.21,NO INFO,,NO,
LTFG722,MAST,POLE,361805.550N,0321910.070E,236.79,49.21,NO INFO,,NO,
LTFG723,MAST,POLE,361700.680N,0321712.030E,226.39,16.40,NO INFO,,NO,
LTFG724,MAST,POLE,361621.140N,0321729.810E,285.45,16.40,NO INFO,,NO,
LTFG725,MAST,POLE,361529.640N,0321657.740E,570.89,16.40,NO INFO,,NO,
LTFG726,GSM STATION,POLE,361719.314N,0321712.132E,285.60,49.22,NO INFO,,NO,
LTFG727,HIGH VOLTAGE MAST,POLE,361825.815N,0321627.272E,349.25,164.05,NO INFO,,NO,
LTFG728,HIGH VOLTAGE MAST,POLE,361830.544N,0321622.455E,466.51,164.05,NO INFO,,NO,
LTFG729,HIGH VOLTAGE MAST,POLE,361836.116N,0321617.332E,580.96,164.05,NO INFO,,NO,
LTFG730,HIGH VOLTAGE MAST,POLE,361848.120N,0321606.300E,924.06,164.05,NO INFO,,NO,
LTFG731,HIGH VOLTAGE MAST,POLE,361900.876N,0321554.225E,1141.97,164.05,NO INFO,,NO,
LTFG732,HIGH VOLTAGE MAST,POLE,361924.174N,0321551.261E,1059.09,164.05,NO INFO,,NO,
LTFG733,HIGH VOLTAGE MAST,POLE,361958.497N,0321543.516E,984.30,164.05,NO INFO,,NO,
LTFG734,HIGH VOLTAGE MAST,POLE,362042.242N,0321526.347E,623.39,164.05,NO INFO,,NO,
LTFG735,HIGH VOLTAGE MAST,POLE,361943.290N,0321546.681E,926.80,164.05,NO INFO,,NO,
LTFG736,HIGH VOLTAGE MAST,POLE,362006.711N,0321543.403E,963.90,164.05,NO INFO,,NO,
LTFG737,HIGH VOLTAGE MAST,POLE,362027.091N,0321535.901E,754.63,164.05,NO INFO,,NO,
LTFG738,HIGH VOLTAGE MAST,POLE,362027.354N,0321537.651E,763.46,164.05,NO INFO,,NO,
LTFG739,HIGH VOLTAGE MAST,POLE,361911.803N,0321553.899E,1014.34,164.05,NO INFO,,NO,
LTFG740,GSM STATION,POLE,361655.064N,0321943.955E,384.09,114.84,NO INFO,,NO,
LTFG741,GSM STATION,POLE,361655.361N,0321944.210E,388.68,108.27,NO INFO,,NO,
LTFG742,ENERGY TRANSMISSION LINE,TRANSMISSION_LINE,361806.10N,0321835.29E,135.20,27.89,NO INFO,,NO,
LTFG743,ENERGY TRANSMISSION LINE,TRANSMISSION_LINE,361804.86N,0321836.27E,134.41,29.53,NO INFO,,NO,
LTFG744,ENERGY TRANSMISSION LINE,TRANSMISSION_LINE,361804.82N,0321837.59E,127.66,29.53,NO INFO,,NO,
LTFG745,ENERGY TRANSMISSION LINE,TRANSMISSION_LINE,361804.96N,0321838.84E,129.23,29.53,NO INFO,,NO,
LTFG746,ENERGY TRANSMISSION LINE,TRANSMISSION_LINE,361805.17N,0321840.45E,131.86,29.53,NO INFO,,NO,
LTFG747,ENERGY TRANSMISSION LINE,TRANSMISSION_LINE,361805.77N,0321841.91E,134.74,29.53,NO INFO,,NO,
LTFG748,ENERGY TRANSMISSION LINE,TRANSMISSION_LINE,361806.94N,0321843.05E,138.12,29.53,NO INFO,,NO,
LTFG749,ENERGY TRANSMISSION LINE,TRANSMISSION_LINE,361806.56N,0321843.66E,135.43,29.53,NO INFO,,NO,
LTFG750,ENERGY TRANSMISSION LINE,TRANSMISSION_LINE,361805.63N,0321844.33E,133.07,29.53,NO INFO,,NO,
LTFG751,ENERGY TRANSMISSION LINE,TRANSMISSION_LINE,361757.12N,0321826.53E,117.32,24.28,NO INFO,,NO,
LTFG752,ENERGY TRANSMISSION LINE,TRANSMISSION_LINE,361756.59N,0321825.12E,116.57,23.62,NO INFO,,NO,
LTFG753,ENERGY TRANSMISSION LINE,TRANSMISSION_LINE,361802.07N,0321815.04E,113.19,29.53,NO INFO,,NO,
LTFG754,ENERGY TRANSMISSION LINE,TRANSMISSION_LINE,361801.86N,0321813.70E,109.58,23.62,NO INFO,,NO,
LTFG755,TOWER,TOWER,361651.60N,0321711.28E,628.60,82.02,NO INFO,,NO,
LTFG756,TOWER,TOWER,361650.61N,0321711.87E,627.95,82.02,NO INFO,,NO,
LTFG757,ATC TOWER,TOWER,361753.48N,0321802.40E,99.74,46.59,NO INFO,,NO,
LTFG758,WDI,POLE,361753.00N,0321709.00E,74.48,21.98,YES,RED,NO,
,,,,,,,,,,
,,,,,,,,,,
,,,,,,,,,,
,,,,,,,,,,
,,,,,,,,,,
,,,,,,,,,,
,,,,,,,,,,
,,,,,,,,,,
,,,,,,,,,,
,,,,,,,,,,
,,,,,,,,,,
,,,,,,,,,,
,,,,,,,,,,
,,,,,,,,,,
,,,,,,,,,,
,,,,,,,,,,
,,,,,,,,,,
,,,,,,,,,,
,,,,,,,,,,
,,,,,,,,,,
,,,,,,,,,,
,,,,,,,,,,
,,,,,,,,,,
,,,,,,,,,,
,,,,,,,,,,
,,,,,,,,,,
,,,,,,,,,,
,,,,,,,,,,
,,,,,,,,,,
,,,,,,,,,,
,,,,,,,,,,
,,,,,,,,,,
,,,,,,,,,,
,,,,,,,,,,
,,,,,,,,,,
,,,,,,,,,,
,,,,,,,,,,
,,,,,,,,,,
,,,,,,,,,,
,,,,,,,,,,
,,,,,,,,,,
,,,,,,,,,,
,,,,,,,,,,
,,,,,,,,,,
,,,,,,,,,,
,,,,,,,,,,
,,,,,,,,,,
,,,,,,,,,,
,,,,,,,,,,
,,,,,,,,,,
,,,,,,,,,,
,,,,,,,,,,
,,,,,,,,,,
,,,,,,,,,,
,,,,,,,,,,
,,,,,,,,,,
,,,,,,,,,,
,,,,,,,,,,
,,,,,,,,,,
,,,,,,,,,,
,,,,,,,,,,
,,,,,,,,,,
,,,,,,,,,,
,,,,,,,,,,
,,,,,,,,,,
,,,,,,,,,,
,,,,,,,,,,
,,,,,,,,,,
,,,,,,,,,,
,,,,,,,,,,
,,,,,,,,,,
,,,,,,,,,,
,,,,,,,,,,
,,,,,,,,,,
,,,,,,,,,,
,,,,,,,,,,
,,,,,,,,,,
,,,,,,,,,,
,,,,,,,,,,
,,,,,,,,,,
,,,,,,,,,,
,,,,,,,,,,
,,,,,,,,,,
,,,,,,,,,,
,,,,,,,,,,
,,,,,,,,,,
,,,,,,,,,,
,,,,,,,,,,
,,,,,,,,,,
,,,,,,,,,,
,,,,,,,,,,
,,,,,,,,,,
,,,,,,,,,,
,,,,,,,,,,
,,,,,,,,,,
,,,,,,,,,,
,,,,,,,,,,
,,,,,,,,,,
,,,,,,,,,,
,,,,,,,,,,
,,,,,,,,,,
,,,,,,,,,,
,,,,,,,,,,
,,,,,,,,,,
,,,,,,,,,,
,,,,,,,,,,
,,,,,,,,,,
,,,,,,,,,,
,,,,,,,,,,
,,,,,,,,,,
,,,,,,,,,,
,,,,,,,,,,
,,,,,,,,,,
,,,,,,,,,,
,,,,,,,,,,
,,,,,,,,,,
,,,,,,,,,,
,,,,,,,,,,
,,,,,,,,,,
,,,,,,,,,,
,,,,,,,,,,
,,,,,,,,,,
,,,,,,,,,,
,,,,,,,,,,
,,,,,,,,,,
,,,,,,,,,,
,,,,,,,,,,
,,,,,,,,,,
,,,,,,,,,,
,,,,,,,,,,
,,,,,,,,,,
,,,,,,,,,,
,,,,,,,,,,
,,,,,,,,,,
,,,,,,,,,,
,,,,,,,,,,
,,,,,,,,,,
,,,,,,,,,,
,,,,,,,,,,
,,,,,,,,,,
,,,,,,,,,,
,,,,,,,,,,
,,,,,,,,,,
,,,,,,,,,,
,,,,,,,,,,
,,,,,,,,,,
,,,,,,,,,,
,,,,,,,,,,
,,,,,,,,,,
,,,,,,,,,,
,,,,,,,,,,
,,,,,,,,,,
,,,,,,,,,,
,,,,,,,,,,
,,,,,,,,,,
,,,,,,,,,,
,,,,,,,,,,
,,,,,,,,,,
,,,,,,,,,,
,,,,,,,,,,
,,,,,,,,,,
,,,,,,,,,,
,,,,,,,,,,
,,,,,,,,,,
,,,,,,,,,,
,,,,,,,,,,
,,,,,,,,,,
,,,,,,,,,,
,,,,,,,,,,
,,,,,,,,,,
,,,,,,,,,,
,,,,,,,,,,
,,,,,,,,,,
,,,,,,,,,,
,,,,,,,,,,
,,,,,,,,,,
,,,,,,,,,,
,,,,,,,,,,
,,,,,,,,,,
,,,,,,,,,,
,,,,,,,,,,
,,,,,,,,,,
,,,,,,,,,,
,,,,,,,,,,
,,,,,,,,,,
,,,,,,,,,,
,,,,,,,,,,
,,,,,,,,,,
,,,,,,,,,,
,,,,,,,,,,
,,,,,,,,,,
,,,,,,,,,,
,,,,,,,,,,
,,,,,,,,,,
,,,,,,,,,,
,,,,,,,,,,
,,,,,,,,,,
,,,,,,,,,,
,,,,,,,,,,
,,,,,,,,,,
,,,,,,,,,,
,,,,,,,,,,
,,,,,,,,,,
,,,,,,,,,,
,,,,,,,,,,
,,,,,,,,,,
,,,,,,,,,,
,,,,,,,,,,
,,,,,,,,,,
,,,,,,,,,,
,,,,,,,,,,
,,,,,,,,,,
,,,,,,,,,,
,,,,,,,,,,
,,,,,,,,,,
,,,,,,,,,,
,,,,,,,,,,
,,,,,,,,,,
,,,,,,,,,,
,,,,,,,,,,
,,,,,,,,,,
,,,,,,,,,,
,,,,,,,,,,
,,,,,,,,,,
,,,,,,,,,,
,,,,,,,,,,
,,,,,,,,,,
,,,,,,,,,,
,,,,,,,,,,
,,,,,,,,,,
,,,,,,,,,,
,,,,,,,,,,
,,,,,,,,,,
,,,,,,,,,,
,,,,,,,,,,
,,,,,,,,,,
,,,,,,,,,,
,,,,,,,,,,
,,,,,,,,,,
,,,,,,,,,,
,,,,,,,,,,
,,,,,,,,,,
,,,,,,,,,,
,,,,,,,,,,
,,,,,,,,,,
,,,,,,,,,,
,,,,,,,,,,
,,,,,,,,,,
,,,,,,,,,,
,,,,,,,,,,
,,,,,,,,,,
,,,,,,,,,,
,,,,,,,,,,
,,,,,,,,,,
,,,,,,,,,,
,,,,,,,,,,
,,,,,,,,,,
,,,,,,,,,,
,,,,,,,,,,
,,,,,,,,,,
,,,,,,,,,,
,,,,,,,,,,
,,,,,,,,,,
,,,,,,,,,,
,,,,,,,,,,
,,,,,,,,,,
,,,,,,,,,,
,,,,,,,,,,
,,,,,,,,,,
,,,,,,,,,,
,,,,,,,,,,
,,,,,,,,,,
,,,,,,,,,,
,,,,,,,,,,
,,,,,,,,,,
,,,,,,,,,,
,,,,,,,,,,
,,,,,,,,,,
,,,,,,,,,,
,,,,,,,,,,
,,,,,,,,,,
,,,,,,,,,,
,,,,,,,,,,
,,,,,,,,,,
,,,,,,,,,,
,,,,,,,,,,
,,,,,,,,,,
,,,,,,,,,,
,,,,,,,,,,
,,,,,,,,,,
,,,,,,,,,,
,,,,,,,,,,
,,,,,,,,,,
,,,,,,,,,,
,,,,,,,,,,
,,,,,,,,,,
,,,,,,,,,,
,,,,,,,,,,
,,,,,,,,,,
,,,,,,,,,,
,,,,,,,,,,
,,,,,,,,,,
,,,,,,,,,,
,,,,,,,,,,
,,,,,,,,,,
,,,,,,,,,,
,,,,,,,,,,
,,,,,,,,,,
,,,,,,,,,,
,,,,,,,,,,
,,,,,,,,,,
,,,,,,,,,,
,,,,,,,,,,
,,,,,,,,,,
,,,,,,,,,,
,,,,,,,,,,
,,,,,,,,,,
,,,,,,,,,,
,,,,,,,,,,
,,,,,,,,,,
,,,,,,,,,,
,,,,,,,,,,
,,,,,,,,,,
,,,,,,,,,,
,,,,,,,,,,
,,,,,,,,,,
,,,,,,,,,,
,,,,,,,,,,
,,,,,,,,,,
,,,,,,,,,,
,,,,,,,,,,
,,,,,,,,,,
,,,,,,,,,,
,,,,,,,,,,
,,,,,,,,,,
,,,,,,,,,,
,,,,,,,,,,
,,,,,,,,,,
,,,,,,,,,,
,,,,,,,,,,
,,,,,,,,,,
,,,,,,,,,,
,,,,,,,,,,
,,,,,,,,,,
,,,,,,,,,,
,,,,,,,,,,
,,,,,,,,,,
,,,,,,,,,,
,,,,,,,,,,
,,,,,,,,,,
,,,,,,,,,,
,,,,,,,,,,
,,,,,,,,,,
,,,,,,,,,,
,,,,,,,,,,
,,,,,,,,,,
,,,,,,,,,,
,,,,,,,,,,
,,,,,,,,,,
,,,,,,,,,,
,,,,,,,,,,
,,,,,,,,,,
,,,,,,,,,,
,,,,,,,,,,
,,,,,,,,,,
,,,,,,,,,,
,,,,,,,,,,
,,,,,,,,,,
,,,,,,,,,,
,,,,,,,,,,
,,,,,,,,,,
,,,,,,,,,,
,,,,,,,,,,
,,,,,,,,,,
,,,,,,,,,,
,,,,,,,,,,
,,,,,,,,,,
,,,,,,,,,,
,,,,,,,,,,
,,,,,,,,,,
,,,,,,,,,,
,,,,,,,,,,
,,,,,,,,,,
,,,,,,,,,,
,,,,,,,,,,
,,,,,,,,,,
,,,,,,,,,,
,,,,,,,,,,
,,,,,,,,,,
,,,,,,,,,,
,,,,,,,,,,
,,,,,,,,,,
,,,,,,,,,,
,,,,,,,,,,
,,,,,,,,,,
,,,,,,,,,,
,,,,,,,,,,
,,,,,,,,,,
,,,,,,,,,,
,,,,,,,,,,
,,,,,,,,,,
,,,,,,,,,,
,,,,,,,,,,
,,,,,,,,,,
,,,,,,,,,,
,,,,,,,,,,
,,,,,,,,,,
,,,,,,,,,,
,,,,,,,,,,
,,,,,,,,,,
,,,,,,,,,,
,,,,,,,,,,
,,,,,,,,,,
,,,,,,,,,,
,,,,,,,,,,
,,,,,,,,,,
,,,,,,,,,,
,,,,,,,,,,
,,,,,,,,,,
,,,,,,,,,,
,,,,,,,,,,
,,,,,,,,,,
,,,,,,,,,,
,,,,,,,,,,
,,,,,,,,,,
,,,,,,,,,,
,,,,,,,,,,
,,,,,,,,,,
,,,,,,,,,,
,,,,,,,,,,
,,,,,,,,,,
,,,,,,,,,,
,,,,,,,,,,
,,,,,,,,,,
,,,,,,,,,,
,,,,,,,,,,
,,,,,,,,,,
,,,,,,,,,,
,,,,,,,,,,
,,,,,,,,,,
,,,,,,,,,,
,,,,,,,,,,
,,,,,,,,,,
,,,,,,,,,,
,,,,,,,,,,
,,,,,,,,,,
,,,,,,,,,,
,,,,,,,,,,
,,,,,,,,,,
,,,,,,,,,,
,,,,,,,,,,
,,,,,,,,,,
,,,,,,,,,,
,,,,,,,,,,
,,,,,,,,,,
,,,,,,,,,,
,,,,,,,,,,
,,,,,,,,,,
,,,,,,,,,,
,,,,,,,,,,
,,,,,,,,,,
,,,,,,,,,,
,,,,,,,,,,
,,,,,,,,,,
,,,,,,,,,,
,,,,,,,,,,
,,,,,,,,,,
,,,,,,,,,,
,,,,,,,,,,
,,,,,,,,,,
,,,,,,,,,,
,,,,,,,,,,
,,,,,,,,,,
,,,,,,,,,,
,,,,,,,,,,
,,,,,,,,,,
,,,,,,,,,,
,,,,,,,,,,
,,,,,,,,,,
,,,,,,,,,,
,,,,,,,,,,
,,,,,,,,,,
,,,,,,,,,,
,,,,,,,,,,
,,,,,,,,,,
,,,,,,,,,,
,,,,,,,,,,
,,,,,,,,,,
,,,,,,,,,,
,,,,,,,,,,
,,,,,,,,,,
,,,,,,,,,,
,,,,,,,,,,
,,,,,,,,,,
,,,,,,,,,,
,,,,,,,,,,
,,,,,,,,,,
,,,,,,,,,,
,,,,,,,,,,
,,,,,,,,,,
,,,,,,,,,,
,,,,,,,,,,
,,,,,,,,,,
,,,,,,,,,,
,,,,,,,,,,
,,,,,,,,,,
,,,,,,,,,,
,,,,,,,,,,
,,,,,,,,,,
,,,,,,,,,,
,,,,,,,,,,
,,,,,,,,,,
,,,,,,,,,,
,,,,,,,,,,
,,,,,,,,,,
,,,,,,,,,,
,,,,,,,,,,
,,,,,,,,,,
,,,,,,,,,,
,,,,,,,,,,
,,,,,,,,,,
,,,,,,,,,,
,,,,,,,,,,
,,,,,,,,,,
,,,,,,,,,,
,,,,,,,,,,
,,,,,,,,,,
,,,,,,,,,,
,,,,,,,,,,
,,,,,,,,,,
,,,,,,,,,,
,,,,,,,,,,
,,,,,,,,,,
,,,,,,,,,,
,,,,,,,,,,
,,,,,,,,,,
,,,,,,,,,,
,,,,,,,,,,
,,,,,,,,,,
,,,,,,,,,,
,,,,,,,,,,
,,,,,,,,,,
,,,,,,,,,,
,,,,,,,,,,
,,,,,,,,,,
,,,,,,,,,,
,,,,,,,,,,
,,,,,,,,,,
,,,,,,,,,,
,,,,,,,,,,
,,,,,,,,,,
,,,,,,,,,,
,,,,,,,,,,
,,,,,,,,,,
,,,,,,,,,,
,,,,,,,,,,
,,,,,,,,,,
,,,,,,,,,,
,,,,,,,,,,
,,,,,,,,,,
,,,,,,,,,,
,,,,,,,,,,
,,,,,,,,,,
,,,,,,,,,,
,,,,,,,,,,
,,,,,,,,,,
,,,,,,,,,,
,,,,,,,,,,
,,,,,,,,,,
,,,,,,,,,,
,,,,,,,,,,
,,,,,,,,,,
,,,,,,,,,,
,,,,,,,,,,
,,,,,,,,,,
,,,,,,,,,,
,,,,,,,,,,
,,,,,,,,,,
,,,,,,,,,,
,,,,,,,,,,
,,,,,,,,,,
,,,,,,,,,,
,,,,,,,,,,
,,,,,,,,,,
,,,,,,,,,,
,,,,,,,,,,
,,,,,,,,,,
,,,,,,,,,,
,,,,,,,,,,
,,,,,,,,,,
,,,,,,,,,,
,,,,,,,,,,
,,,,,,,,,,
,,,,,,,,,,
,,,,,,,,,,
,,,,,,,,,,
,,,,,,,,,,
,,,,,,,,,,
,,,,,,,,,,
,,,,,,,,,,
,,,,,,,,,,
,,,,,,,,,,
,,,,,,,,,,
,,,,,,,,,,
,,,,,,,,,,
,,,,,,,,,,
,,,,,,,,,,
,,,,,,,,,,
,,,,,,,,,,
,,,,,,,,,,
,,,,,,,,,,
,,,,,,,,,,
,,,,,,,,,,
,,,,,,,,,,
,,,,,,,,,,
,,,,,,,,,,
,,,,,,,,,,
,,,,,,,,,,
,,,,,,,,,,
,,,,,,,,,,
,,,,,,,,,,
,,,,,,,,,,
,,,,,,,,,,
,,,,,,,,,,
,,,,,,,,,,
,,,,,,,,,,
,,,,,,,,,,
,,,,,,,,,,
,,,,,,,,,,
,,,,,,,,,,
,,,,,,,,,,
,,,,,,,,,,
,,,,,,,,,,
,,,,,,,,,,
,,,,,,,,,,
,,,,,,,,,,
,,,,,,,,,,
,,,,,,,,,,
,,,,,,,,,,
,,,,,,,,,,
,,,,,,,,,,
,,,,,,,,,,
,,,,,,,,,,
,,,,,,,,,,
,,,,,,,,,,
,,,,,,,,,,
,,,,,,,,,,
,,,,,,,,,,
,,,,,,,,,,
,,,,,,,,,,
,,,,,,,,,,
,,,,,,,,,,
,,,,,,,,,,
,,,,,,,,,,
,,,,,,,,,,
,,,,,,,,,,
,,,,,,,,,,
,,,,,,,,,,
,,,,,,,,,,
,,,,,,,,,,
,,,,,,,,,,
,,,,,,,,,,
,,,,,,,,,,
,,,,,,,,,,
,,,,,,,,,,
,,,,,,,,,,
,,,,,,,,,,
,,,,,,,,,,
,,,,,,,,,,
,,,,,,,,,,
,,,,,,,,,,
,,,,,,,,,,
,,,,,,,,,,
,,,,,,,,,,
,,,,,,,,,,
,,,,,,,,,,
,,,,,,,,,,
,,,,,,,,,,
,,,,,,,,,,
,,,,,,,,,,
,,,,,,,,,,
,,,,,,,,,,
,,,,,,,,,,
,,,,,,,,,,
,,,,,,,,,,
,,,,,,,,,,
,,,,,,,,,,
,,,,,,,,,,
,,,,,,,,,,
,,,,,,,,,,
,,,,,,,,,,
,,,,,,,,,,
,,,,,,,,,,
,,,,,,,,,,
,,,,,,,,,,
,,,,,,,,,,
,,,,,,,,,,
,,,,,,,,,,
,,,,,,,,,,
,,,,,,,,,,
,,,,,,,,,,
,,,,,,,,,,
,,,,,,,,,,
,,,,,,,,,,
,,,,,,,,,,
,,,,,,,,,,
,,,,,,,,,,
,,,,,,,,,,
,,,,,,,,,,
,,,,,,,,,,
,,,,,,,,,,
,,,,,,,,,,
,,,,,,,,,,
,,,,,,,,,,
,,,,,,,,,,
,,,,,,,,,,
,,,,,,,,,,
,,,,,,,,,,
,,,,,,,,,,
,,,,,,,,,,
,,,,,,,,,,
,,,,,,,,,,
,,,,,,,,,,
,,,,,,,,,,
,,,,,,,,,,
,,,,,,,,,,
,,,,,,,,,,
,,,,,,,,,,
,,,,,,,,,,
,,,,,,,,,,
,,,,,,,,,,
,,,,,,,,,,
,,,,,,,,,,
,,,,,,,,,,
,,,,,,,,,,
,,,,,,,,,,
,,,,,,,,,,
,,,,,,,,,,
,,,,,,,,,,
,,,,,,,,,,
,,,,,,,,,,
,,,,,,,,,,
,,,,,,,,,,
,,,,,,,,,,
,,,,,,,,,,
,,,,,,,,,,
,,,,,,,,,,
,,,,,,,,,,
,,,,,,,,,,
,,,,,,,,,,
,,,,,,,,,,
,,,,,,,,,,
,,,,,,,,,,
,,,,,,,,,,
,,,,,,,,,,
,,,,,,,,,,
,,,,,,,,,,
,,,,,,,,,,
,,,,,,,,,,
,,,,,,,,,,
,,,,,,,,,,
,,,,,,,,,,
,,,,,,,,,,
,,,,,,,,,,
,,,,,,,,,,
,,,,,,,,,,
,,,,,,,,,,
,,,,,,,,,,
,,,,,,,,,,
,,,,,,,,,,
,,,,,,,,,,
,,,,,,,,,,
,,,,,,,,,,
,,,,,,,,,,
,,,,,,,,,,
,,,,,,,,,,
,,,,,,,,,,
,,,,,,,,,,
,,,,,,,,,,
,,,,,,,,,,
,,,,,,,,,,
,,,,,,,,,,
,,,,,,,,,,
,,,,,,,,,,
,,,,,,,,,,
,,,,,,,,,,
,,,,,,,,,,
,,,,,,,,,,
,,,,,,,,,,
,,,,,,,,,,
,,,,,,,,,,
,,,,,,,,,,
,,,,,,,,,,
,,,,,,,,,,
,,,,,,,,,,
,,,,,,,,,,
,,,,,,,,,,
,,,,,,,,,,
,,,,,,,,,,
,,,,,,,,,,
,,,,,,,,,,
,,,,,,,,,,
,,,,,,,,,,
,,,,,,,,,,
,,,,,,,,,,
,,,,,,,,,,
,,,,,,,,,,
,,,,,,,,,,
,,,,,,,,,,
,,,,,,,,,,
,,,,,,,,,,
,,,,,,,,,,
,,,,,,,,,,
,,,,,,,,,,
,,,,,,,,,,
,,,,,,,,,,
,,,,,,,,,,
,,,,,,,,,,
,,,,,,,,,,
,,,,,,,,,,
,,,,,,,,,,
,,,,,,,,,,
,,,,,,,,,,
,,,,,,,,,,
,,,,,,,,,,
,,,,,,,,,,
,,,,,,,,,,
,,,,,,,,,,
,,,,,,,,,,
,,,,,,,,,,
,,,,,,,,,,
,,,,,,,,,,
,,,,,,,,,,
,,,,,,,,,,
,,,,,,,,,,
,,,,,,,,,,
,,,,,,,,,,
,,,,,,,,,,
,,,,,,,,,,
,,,,,,,,,,
,,,,,,,,,,
,,,,,,,,,,
,,,,,,,,,,
,,,,,,,,,,
,,,,,,,,,,
,,,,,,,,,,
,,,,,,,,,,
,,,,,,,,,,
,,,,,,,,,,
,,,,,,,,,,
,,,,,,,,,,
,,,,,,,,,,
,,,,,,,,,,
,,,,,,,,,,
,,,,,,,,,,
,,,,,,,,,,
,,,,,,,,,,
,,,,,,,,,,
,,,,,,,,,,
,,,,,,,,,,
,,,,,,,,,,
,,,,,,,,,,
,,,,,,,,,,
,,,,,,,,,,
,,,,,,,,,,
,,,,,,,,,,
,,,,,,,,,,
,,,,,,,,,,
,,,,,,,,,,
,,,,,,,,,,
,,,,,,,,,,
,,,,,,,,,,
,,,,,,,,,,
,,,,,,,,,,
,,,,,,,,,,
,,,,,,,,,,
,,,,,,,,,,
,,,,,,,,,,
,,,,,,,,,,
,,,,,,,,,,
,,,,,,,,,,
,,,,,,,,,,
,,,,,,,,,,
,,,,,,,,,,
,,,,,,,,,,
,,,,,,,,,,
,,,,,,,,,,
,,,,,,,,,,
,,,,,,,,,,
,,,,,,,,,,
,,,,,,,,,,
,,,,,,,,,,
,,,,,,,,,,
,,,,,,,,,,
,,,,,,,,,,
,,,,,,,,,,
,,,,,,,,,,
,,,,,,,,,,
,,,,,,,,,,
,,,,,,,,,,
,,,,,,,,,,
,,,,,,,,,,
,,,,,,,,,,
,,,,,,,,,,
,,,,,,,,,,
,,,,,,,,,,
,,,,,,,,,,
,,,,,,,,,,
,,,,,,,,,,
,,,,,,,,,,
,,,,,,,,,,
,,,,,,,,,,
,,,,,,,,,,
,,,,,,,,,,
,,,,,,,,,,
,,,,,,,,,,
,,,,,,,,,,
,,,,,,,,,,
,,,,,,,,,,
,,,,,,,,,,
,,,,,,,,,,
,,,,,,,,,,
,,,,,,,,,,
,,,,,,,,,,
,,,,,,,,,,
,,,,,,,,,,
,,,,,,,,,,
,,,,,,,,,,
,,,,,,,,,,
,,,,,,,,,,
,,,,,,,,,,
,,,,,,,,,,
,,,,,,,,,,
,,,,,,,,,,
,,,,,,,,,,
,,,,,,,,,,
,,,,,,,,,,
,,,,,,,,,,
,,,,,,,,,,
,,,,,,,,,,
,,,,,,,,,,
,,,,,,,,,,
,,,,,,,,,,
,,,,,,,,,,
,,,,,,,,,,
,,,,,,,,,,
,,,,,,,,,,
,,,,,,,,,,
,,,,,,,,,,
,,,,,,,,,,
,,,,,,,,,,
,,,,,,,,,,
,,,,,,,,,,
,,,,,,,,,,
,,,,,,,,,,
,,,,,,,,,,
,,,,,,,,,,
,,,,,,,,,,
,,,,,,,,,,
,,,,,,,,,,
,,,,,,,,,,
,,,,,,,,,,
,,,,,,,,,,
,,,,,,,,,,
,,,,,,,,,,
,,,,,,,,,,
,,,,,,,,,,
,,,,,,,,,,
,,,,,,,,,,
,,,,,,,,,,
,,,,,,,,,,
,,,,,,,,,,
,,,,,,,,,,
,,,,,,,,,,
,,,,,,,,,,
,,,,,,,,,,
,,,,,,,,,,
,,,,,,,,,,
,,,,,,,,,,
,,,,,,,,,,
,,,,,,,,,,
,,,,,,,,,,
,,,,,,,,,,
,,,,,,,,,,
,,,,,,,,,,
,,,,,,,,,,
,,,,,,,,,,
,,,,,,,,,,
,,,,,,,,,,
,,,,,,,,,,
,,,,,,,,,,
,,,,,,,,,,
,,,,,,,,,,
,,,,,,,,,,
,,,,,,,,,,
,,,,,,,,,,
,,,,,,,,,,
,,,,,,,,,,
,,,,,,,,,,
,,,,,,,,,,
,,,,,,,,,,
,,,,,,,,,,
,,,,,,,,,,
,,,,,,,,,,
,,,,,,,,,,
,,,,,,,,,,
,,,,,,,,,,
,,,,,,,,,,
,,,,,,,,,,
,,,,,,,,,,
,,,,,,,,,,
,,,,,,,,,,
,,,,,,,,,,
,,,,,,,,,,
,,,,,,,,,,
,,,,,,,,,,
,,,,,,,,,,
,,,,,,,,,,
,,,,,,,,,,
,,,,,,,,,,
,,,,,,,,,,
,,,,,,,,,,
,,,,,,,,,,
,,,,,,,,,,
,,,,,,,,,,
,,,,,,,,,,
,,,,,,,,,,
,,,,,,,,,,
,,,,,,,,,,
,,,,,,,,,,
,,,,,,,,,,
,,,,,,,,,,
,,,,,,,,,,
,,,,,,,,,,
,,,,,,,,,,
,,,,,,,,,,
,,,,,,,,,,
,,,,,,,,,,
,,,,,,,,,,
,,,,,,,,,,
,,,,,,,,,,
,,,,,,,,,,
,,,,,,,,,,
,,,,,,,,,,
,,,,,,,,,,
,,,,,,,,,,
,,,,,,,,,,
,,,,,,,,,,
,,,,,,,,,,
,,,,,,,,,,
,,,,,,,,,,
,,,,,,,,,,
,,,,,,,,,,
,,,,,,,,,,
,,,,,,,,,,
,,,,,,,,,,
,,,,,,,,,,
,,,,,,,,,,
,,,,,,,,,,
,,,,,,,,,,
,,,,,,,,,,
,,,,,,,,,,
,,,,,,,,,,
,,,,,,,,,,
,,,,,,,,,,
,,,,,,,,,,
